Sucursal;Division;Categoria;Grupo;Proveedor;SaldoUNDTotal;Total Costo Und.
BSU01;AIRE ACONDICIONADO;CLIMATICACION/ACCESORIOS;AIRE/ACCESORIO;AIRE FRIO DE HONDURAS S. A DE C. V;291.00;L144,350.98
BSU01;AIRE ACONDICIONADO;CLIMATICACION/ACCESORIOS;AIRE/ACCESORIO;SIN ESPESIFICAR;23.00;L73,042.03
BSU01;AIRE ACONDICIONADO;CLIMATICACION/ACCESORIOS;AIRE/ACCESORIO;FRIOPARTES S A DE C.V.;308.00;L49,989.68
BSU01;AIRE ACONDICIONADO;CLIMATICACION/ACCESORIOS;AIRE/ACCESORIO;ALMACEN EL JORDAN S DE R.L;69.00;L49,713.64
BSU01;AIRE ACONDICIONADO;CLIMATICACION/ACCESORIOS;AIRE/ACCESORIO;ALEJANDRO NAPOLEON LARACH LARACH;9.00;L21,193.47
BSU01;AIRE ACONDICIONADO;CLIMATICACION/ACCESORIOS;AIRE/ACCESORIO;EQUIPOS Y REPUESTOS WOLOZNY S.A DE CV;43.00;L6,816.26
BSU01;AIRE ACONDICIONADO;CLIMATICACION/ACCESORIOS;AIRE/ACCESORIO;DANILOS STORE SA;3.00;L2,697.65
BSU01;AIRE ACONDICIONADO;CLIMATICACION/ACCESORIOS;AIRE/ACCESORIO;EQUIPOS Y REPUESTOS WOLOZNY S.A DE C.V.;85.00;L1,672.74
BSU01;AIRE ACONDICIONADO;CLIMATICACION/ACCESORIOS;AIRE/ACCESORIO;SUPER REPUESTOS HONDURAS, S.A. DE C.V.;5.00;L1,358.80
BSU01;AIRE ACONDICIONADO;CLIMATICACION/ACCESORIOS;AIRE/ACCESORIO;SERVIFOGEL DE HONDURAS S.A DE C.V.;2.00;L1,130.44
BSU01;AIRE ACONDICIONADO;CLIMATICACION/ACCESORIOS;AIRE/ACCESORIO;CIA MERCANTIL LA CASA BLANCA SRL CV;77.00;L688.00
BSU01;AIRE ACONDICIONADO;CLIMATICACION/ACCESORIOS;AIRE/ACCESORIO;DOMINGA MEJIA/PROYECTOS;9.00;L405.00
BSU01;AIRE ACONDICIONADO;CLIMATICACION/ACCESORIOS;AIRE/ACCESORIO;DISTRIBUIDORA INDUSTRIAL S.A. DE C.V.;9.00;L353.79
BSU01;AIRE ACONDICIONADO;CLIMATICACION/ACCESORIOS;AIRE/ACCESORIO;AGENCIA LA MUNDIAL S.A DE C.V;1.00;L271.81
BSU01;AIRE ACONDICIONADO;CLIMATICACION/ACCESORIOS;AIRE/ACCESORIO;VICTOR MANUEL ZELAYA VEGA;1.00;L75.00
BSU01;AIRE ACONDICIONADO;CLIMATICACION/ACCESORIOS;AIRE/ACCESORIO;TORNILLOS Y SERVICIOS MULTIPLES LACAST S.A DE C.V;1.00;L43.48
BSU01;AIRE ACONDICIONADO;CLIMATICACION/ACCESORIOS;AIRE/ACCESORIO;CARLOS ALBERTO URBINA VELASQUEZ/PROYECTO;3.00;L38.98
BSU01;AIRE ACONDICIONADO;ILUMINACIONES ELECTRICAS;TUBOS/CANDELAS;SIN ESPESIFICAR;78.00;L20,886.86
BSU01;AIRE ACONDICIONADO;ILUMINACIONES ELECTRICAS;TUBOS/CANDELAS;DISTRIBUIDORA INDUSTRIAL S.A. DE C.V.;109.00;L863.02
BSU01;AIRE ACONDICIONADO;ILUMINACIONES ELECTRICAS;TUBOS/CANDELAS;PAPER DEPOT S.A DE C.V;1.00;L125.88
BSU01;AIRE ACONDICIONADO;ILUMINACIONES ELECTRICAS;TUBOS/CANDELAS;NAHUM ALBERTO MENDEZ AGUILERA / PROYECTO;8.00;L107.35
BSU01;ARTICULOS OFICINA;PAPELERIA Y UTILES;ALMOHADILLA;SIN ESPESIFICAR;102.00;L2,391.81
BSU01;ARTICULOS OFICINA;PAPELERIA Y UTILES;ARCHIVADORES;DANILO GARCIA/PROYECTOS;1.00;L161.39
BSU01;ARTICULOS OFICINA;PAPELERIA Y UTILES;ATADURAS;SIN ESPESIFICAR;12,390.00;L243,839.00
BSU01;ARTICULOS OFICINA;PAPELERIA Y UTILES;BANDEJAS ARCHIVADORAS;SIN ESPESIFICAR;62.00;L5,361.25
BSU01;ARTICULOS OFICINA;PAPELERIA Y UTILES;BATERIAS;ACCESORIOS PARA COMPUTADORAS Y OFICINAS S.A DE C.V;13.00;L3,470.48
BSU01;ARTICULOS OFICINA;PAPELERIA Y UTILES;BATERIAS;ALMACEN EL PAJARO AZUL S.A DE C.V;134.00;L3,002.72
BSU01;ARTICULOS OFICINA;PAPELERIA Y UTILES;BATERIAS;CIA MERCANTIL LA CASA BLANCA SRL CV;8.00;L581.22
BSU01;ARTICULOS OFICINA;PAPELERIA Y UTILES;BOLIGRAFOS;SIN ESPESIFICAR;678.00;L2,867.14
BSU01;ARTICULOS OFICINA;PAPELERIA Y UTILES;BOLIGRAFOS;PAPELERA CALPULES S.A. DE C.V.;1.00;L3.81
BSU01;ARTICULOS OFICINA;PAPELERIA Y UTILES;BOLIGRAFOS;DROGUERIA Y TIENDA SAN MIGUEL S DE R.L;11.00;L0.00
BSU01;ARTICULOS OFICINA;PAPELERIA Y UTILES;BORRADORES;PAPELERA CALPULES S.A. DE C.V.;6.00;L6.98
BSU01;ARTICULOS OFICINA;PAPELERIA Y UTILES;CAJA CHICA;SIN ESPESIFICAR;86.00;L8,629.93
BSU01;ARTICULOS OFICINA;PAPELERIA Y UTILES;CAJA CHICA;AGENCIA LA MUNDIAL S.A DE C.V;2.00;L486.46
BSU01;ARTICULOS OFICINA;PAPELERIA Y UTILES;CAJAS ARMABLES;ACCESORIOS PARA COMPUTADORAS Y OFICINAS S.A DE C.V;39.00;L2,272.14
BSU01;ARTICULOS OFICINA;PAPELERIA Y UTILES;CALCULADORA;PAPELERA CALPULES S.A. DE C.V.;184.00;L4,664.40
BSU01;ARTICULOS OFICINA;PAPELERIA Y UTILES;CALCULADORA;SIN ESPESIFICAR;3.00;L194.04
BSU01;ARTICULOS OFICINA;PAPELERIA Y UTILES;CARTONCILLO;SIN ESPESIFICAR;1,209,254.00;L232,300.98
BSU01;ARTICULOS OFICINA;PAPELERIA Y UTILES;CARTULINA;SIN ESPESIFICAR;243.00;L519.70
BSU01;ARTICULOS OFICINA;PAPELERIA Y UTILES;CELOFAN;SUPERTIENDAS XTRA S.A.;2.00;L199.56
BSU01;ARTICULOS OFICINA;PAPELERIA Y UTILES;CINTA REGALO;MODA CHIC PLUS S.A;1.00;L120.00
BSU01;ARTICULOS OFICINA;PAPELERIA Y UTILES;CINTA REGALO;LUIS GUILLERMO BRIZUELA RODRIGUEZ;1.00;L39.13
BSU01;ARTICULOS OFICINA;PAPELERIA Y UTILES;CLIPS;SIN ESPESIFICAR;1,484.00;L3,686.71
BSU01;ARTICULOS OFICINA;PAPELERIA Y UTILES;CUADERNO;PAPELERA CALPULES S.A. DE C.V.;9.00;L144.23
BSU01;ARTICULOS OFICINA;PAPELERIA Y UTILES;DETECTORAS DE DINERO FALSO;SIN ESPESIFICAR;101.00;L2,489.08
BSU01;ARTICULOS OFICINA;PAPELERIA Y UTILES;DETECTORAS DE DINERO FALSO;DIVASA S.DE R.L.;5.00;L1,115.22
BSU01;ARTICULOS OFICINA;PAPELERIA Y UTILES;DISPENSADOR TAPE;SIN ESPESIFICAR;103.00;L5,008.27
BSU01;ARTICULOS OFICINA;PAPELERIA Y UTILES;FASTENERS;PAPELERA CALPULES S.A. DE C.V.;149.00;L2,907.76
BSU01;ARTICULOS OFICINA;PAPELERIA Y UTILES;FOLDERS;SIN ESPESIFICAR;263.00;L611.91
BSU01;ARTICULOS OFICINA;PAPELERIA Y UTILES;FOLDERS;ACCESORIOS PARA COMPUTADORAS Y OFICINAS S.A DE C.V;188.00;L605.36
BSU01;ARTICULOS OFICINA;PAPELERIA Y UTILES;FOLDERS;PAPELERA CALPULES S.A. DE C.V.;110.00;L578.19
BSU01;ARTICULOS OFICINA;PAPELERIA Y UTILES;GRAPADORA;ACCESORIOS PARA COMPUTADORAS Y OFICINAS S.A DE C.V;1.00;L134.52
BSU01;ARTICULOS OFICINA;PAPELERIA Y UTILES;GRAPAS;SIN ESPESIFICAR;689.00;L2,629.13
BSU01;ARTICULOS OFICINA;PAPELERIA Y UTILES;GRAPAS;OFFICE COMPUTERS S. DE R.L.;4.00;L169.88
BSU01;ARTICULOS OFICINA;PAPELERIA Y UTILES;GRAPAS;JOCSAN RUEDA/PROYECTO;1.00;L92.66
BSU01;ARTICULOS OFICINA;PAPELERIA Y UTILES;GRAPAS;PRODUCT DEPOT S. DE R.L;5.00;L43.25
BSU01;ARTICULOS OFICINA;PAPELERIA Y UTILES;HOJAS LAMINAR;SIN ESPESIFICAR;177.00;L34,952.35
BSU01;ARTICULOS OFICINA;PAPELERIA Y UTILES;HOJAS LAMINAR;DARLYNG ARACELY PEÑA RAMIREZ;3,482.00;L3,236.14
BSU01;ARTICULOS OFICINA;PAPELERIA Y UTILES;HOJAS LAMINAR;ACCESORIOS PARA COMPUTADORAS Y OFICINAS S.A DE C.V;3,218.00;L1,572.64
BSU01;ARTICULOS OFICINA;PAPELERIA Y UTILES;HULES;ACCESORIOS PARA COMPUTADORAS Y OFICINAS S.A DE C.V;191.00;L3,321.62
BSU01;ARTICULOS OFICINA;PAPELERIA Y UTILES;MARCADORES;SIN ESPESIFICAR;1,436.00;L20,327.73
BSU01;ARTICULOS OFICINA;PAPELERIA Y UTILES;MARCADORES;PRODUCT DEPOT S. DE R.L;8.00;L142.08
BSU01;ARTICULOS OFICINA;PAPELERIA Y UTILES;MARCADORES;ACCESORIOS PARA COMPUTADORAS Y OFICINAS S.A DE C.V;1.00;L14.90
BSU01;ARTICULOS OFICINA;PAPELERIA Y UTILES;MARCADORES;PAPELERA CALPULES S.A. DE C.V.;1.00;L5.51
BSU01;ARTICULOS OFICINA;PAPELERIA Y UTILES;MINAS ;SIN ESPESIFICAR;69.00;L81.01
BSU01;ARTICULOS OFICINA;PAPELERIA Y UTILES;MOBILIARIO DE OFICINA;SIN ESPESIFICAR;95.00;L54,135.77
BSU01;ARTICULOS OFICINA;PAPELERIA Y UTILES;MOBILIARIO DE OFICINA;DIVASA S.DE R.L.;3.00;L1,615.48
BSU01;ARTICULOS OFICINA;PAPELERIA Y UTILES;MOBILIARIO DE OFICINA;TUBELITE CENTROAMERICA S.A.;2.00;L915.34
BSU01;ARTICULOS OFICINA;PAPELERIA Y UTILES;PALETAS;DANILO GARCIA/PROYECTOS;1.00;L356.50
BSU01;ARTICULOS OFICINA;PAPELERIA Y UTILES;PALETAS;SIN ESPESIFICAR;1.00;L34.43
BSU01;ARTICULOS OFICINA;PAPELERIA Y UTILES;PAPEL BOND;SIN ESPESIFICAR;122.00;L15,818.09
BSU01;ARTICULOS OFICINA;PAPELERIA Y UTILES;PAPEL BOND;ACCESORIOS PARA COMPUTADORAS Y OFICINAS S.A DE C.V;2.00;L717.92
BSU01;ARTICULOS OFICINA;PAPELERIA Y UTILES;PAPEL CARBON;ACCESORIOS PARA COMPUTADORAS Y OFICINAS S.A DE C.V;14.00;L905.80
BSU01;ARTICULOS OFICINA;PAPELERIA Y UTILES;PAPEL DE REGALO;LUIS GUILLERMO BRIZUELA RODRIGUEZ;466.00;L645.16
BSU01;ARTICULOS OFICINA;PAPELERIA Y UTILES;PAPEL DE REGALO;BODEGA UMANZOR;1.00;L151.26
BSU01;ARTICULOS OFICINA;PAPELERIA Y UTILES;PAPEL FORMA CONTINUA;ACCESORIOS PARA COMPUTADORAS Y OFICINAS S.A DE C.V;1.00;L866.09
BSU01;ARTICULOS OFICINA;PAPELERIA Y UTILES;PAPEL TERMICO;SIN ESPESIFICAR;1,227.00;L338,957.24
BSU01;ARTICULOS OFICINA;PAPELERIA Y UTILES;PEGAMENTO BARRA;PAPELERA CALPULES S.A. DE C.V.;192.00;L1,404.01
BSU01;ARTICULOS OFICINA;PAPELERIA Y UTILES;PEGAPRECIO;SIN ESPESIFICAR;902.00;L3,522.54
BSU01;ARTICULOS OFICINA;PAPELERIA Y UTILES;PERFORADORA;SIN ESPESIFICAR;579.00;L10,468.73
BSU01;ARTICULOS OFICINA;PAPELERIA Y UTILES;PISTOLAS;SIN ESPESIFICAR;128.00;L14,647.50
BSU01;ARTICULOS OFICINA;PAPELERIA Y UTILES;PISTOLAS;PAPELERA CALPULES S.A. DE C.V.;13.00;L1,173.68
BSU01;ARTICULOS OFICINA;PAPELERIA Y UTILES;PIZARRA;SIN ESPESIFICAR;84.00;L3,390.76
BSU01;ARTICULOS OFICINA;PAPELERIA Y UTILES;PORTA CARNET;AMAZON (USA);96.00;L8,478.88
BSU01;ARTICULOS OFICINA;PAPELERIA Y UTILES;PORTA CARNET;DANILOS STORE SA;296.00;L5,248.08
BSU01;ARTICULOS OFICINA;PAPELERIA Y UTILES;PORTA CARNET;SIN ESPESIFICAR;283.00;L5,017.59
BSU01;ARTICULOS OFICINA;PAPELERIA Y UTILES;RIBBONS;SIN ESPESIFICAR;140.00;L27,421.07
BSU01;ARTICULOS OFICINA;PAPELERIA Y UTILES;RIBBONS;PRODUCT DEPOT S. DE R.L;7.00;L315.00
BSU01;ARTICULOS OFICINA;PAPELERIA Y UTILES;SILICON;TUBELITE CENTROAMERICA S.A.;12.00;L3,832.56
BSU01;ARTICULOS OFICINA;PAPELERIA Y UTILES;SILICON;SIN ESPESIFICAR;2.00;L31.82
BSU01;ARTICULOS OFICINA;PAPELERIA Y UTILES;SOBRES;ACCESORIOS PARA COMPUTADORAS Y OFICINAS S.A DE C.V;50.00;L97.40
BSU01;ARTICULOS OFICINA;PAPELERIA Y UTILES;TACHUELAS;TORNILLOS Y SERVICIOS MULTIPLES LACAST S.A DE C.V;2.00;L660.87
BSU01;ARTICULOS OFICINA;PAPELERIA Y UTILES;TACHUELAS;SIN ESPESIFICAR;3.00;L15.63
BSU01;ARTICULOS OFICINA;PAPELERIA Y UTILES;TALONARIOS;DARLYNG ARACELY PEÑA RAMIREZ;375.00;L27,737.95
BSU01;ARTICULOS OFICINA;PAPELERIA Y UTILES;TALONARIOS;BELQUIS ODILY PEREZ;46.00;L4,060.89
BSU01;ARTICULOS OFICINA;PAPELERIA Y UTILES;TAPE;IMPORTADORA Y COMERCIALIZADORA MASAC S. DE R.L.;1.00;L870.60
BSU01;ARTICULOS OFICINA;PAPELERIA Y UTILES;TAPE;SIN ESPESIFICAR;96.00;L765.29
BSU01;ARTICULOS OFICINA;PAPELERIA Y UTILES;TAPE;DISTRIBUIDORA DE MATERIALES S. DE R.L. DE C.V.;1.00;L0.00
BSU01;ARTICULOS OFICINA;PAPELERIA Y UTILES;TIJERA;SIN ESPESIFICAR;383.00;L5,641.09
BSU01;ARTICULOS OFICINA;PAPELERIA Y UTILES;TINTA SELLO;ACCESORIOS PARA COMPUTADORAS Y OFICINAS S.A DE C.V;19.00;L24,769.09
BSU01;ARTICULOS OFICINA;PAPELERIA Y UTILES;TINTA SELLO;SIN ESPESIFICAR;3,497.00;L11,811.01
BSU01;ARTICULOS OFICINA;PAPELERIA Y UTILES;TINTA SELLO;AMAZON (USA);1.00;L136.19
BSU01;ARTICULOS OFICINA;PAPELERIA Y UTILES;TONER;OFFICE COMPUTERS S. DE R.L.;11.00;L39,995.55
BSU01;ARTICULOS OFICINA;PAPELERIA Y UTILES;TONER;SIN ESPESIFICAR;36.00;L30,388.40
BSU01;ARTICULOS OFICINA;PAPELERIA Y UTILES;TONER;LEVY MENAHEN MARTINEZ BARAHONA;14.00;L30,146.66
BSU01;ARTICULOS OFICINA;PAPELERIA Y UTILES;TONER;MARTHA ELIZABETH HERNANDEZ RODRIGUEZ;8.00;L23,400.00
BSU01;ARTICULOS OFICINA;PAPELERIA Y UTILES;TONER;SYCOM S.A. DE C.V.;3.00;L3,108.69
BSU01;ARTICULOS OFICINA;PAPELERIA Y UTILES;TONER;ACCESORIOS PARA COMPUTADORAS Y OFICINAS S.A DE C.V;5.00;L515.22
BSU01;ARTICULOS OFICINA;PAPELERIA Y UTILES;VIÑETA;SIN ESPESIFICAR;41,379.00;L198,984.97
BSU01;ARTICULOS OFICINA;PAPELERIA Y UTILES;VIÑETA;ETIPLAST DE HONDURAS S.A ;138.00;L47,410.94
BSU01;ARTICULOS OFICINA;PAPELERIA Y UTILES;VIÑETA;DARLYNG ARACELY PEÑA RAMIREZ;48,590.00;L36,020.00
BSU01;ARTICULOS OFICINA;PAPELERIA Y UTILES;VIÑETA;FINOS TEXTILES DE CENTROAMERICA S.A.;42.00;L31,522.78
BSU01;ARTICULOS OFICINA;PAPELERIA Y UTILES;VIÑETA;PRODUCT DEPOT S. DE R.L;7.00;L1,845.09
BSU01;ARTICULOS OFICINA;PAPELERIA Y UTILES;VIÑETA;PAPELERA CALPULES S.A. DE C.V.;41.00;L607.39
BSU01;CARPINTERIA;COMPONENTES;COMPONENTES;TORNILLOS Y SERVICIOS MULTIPLES LACAST S.A DE C.V;1.00;L581.14
BSU01;CARPINTERIA;LAMINA CONTRACHAPADO;FIBRAN;MADECENTER HONDURAS S.A.;20.00;L26,308.71
BSU01;CARPINTERIA;LAMINA CONTRACHAPADO;FIBRAN;IMPORTADORA DE PRODUCTOS INTERNACIONALES S.A DE CV;2.00;L3,109.16
BSU01;CARPINTERIA;LAMINA CONTRACHAPADO;FIBRAN;RICARDO JESUS BENDECK TURCIOS;2.00;L1,422.86
BSU01;CARPINTERIA;LAMINA CONTRACHAPADO;LAMINA DE FORMICA;ALEJANDRO NAPOLEON LARACH LARACH;44.00;L33,770.34
BSU01;CARPINTERIA;LAMINA CONTRACHAPADO;LAMINA DE FORMICA;MILTON ALEXANDER FLORES SOTO;35.00;L31,466.33
BSU01;CARPINTERIA;LAMINA CONTRACHAPADO;LAMINA DE FORMICA;CORDILLERA PRODUCTS DE HONDURAS;27.00;L28,809.25
BSU01;CARPINTERIA;LAMINA CONTRACHAPADO;LAMINA DE FORMICA;PAPER DEPOT S.A DE C.V;26.00;L12,942.67
BSU01;CARPINTERIA;LAMINA CONTRACHAPADO;LAMINA DE FORMICA;MADECENTER HONDURAS S.A.;5.00;L5,869.57
BSU01;CARPINTERIA;LAMINA CONTRACHAPADO;LAMINA FIBRA;MADECENTER HONDURAS S.A.;2.00;L2,608.70
BSU01;CARPINTERIA;LAMINA CONTRACHAPADO;LAMINA FIBRA;PAPER DEPOT S.A DE C.V;1.00;L971.86
BSU01;CARPINTERIA;MADERA;MADERA;AGENCIA LA MUNDIAL S.A DE C.V;1.00;L456.94
BSU01;CARPINTERIA;OBJETOS CARPINTERIA;LIJAS;DISTRIBUIDORA DE MATERIALES S. DE R.L. DE C.V.;2,386.00;L27,132.73
BSU01;CARPINTERIA;OBJETOS CARPINTERIA;LIJAS;LA PERLA DEL COLOR S DE R.L.;837.00;L11,082.43
BSU01;CARPINTERIA;OBJETOS CARPINTERIA;LIJAS;NAHUM ALBERTO MENDEZ AGUILERA / PROYECTO;5.00;L152.14
BSU01;COCINA;ENSERES DE HOGAR;DECORACIONES;SIN ESPESIFICAR;6,247.00;L155,129.20
BSU01;COCINA;ENSERES DE HOGAR;MESAS ;SIN ESPESIFICAR;7.00;L1,043.33
BSU01;COCINA;ENSERES DE HOGAR;MICROONDAS;DISTRIBUCIONES UNIVERSALES S.A. DE C.V.;8.00;L9,938.89
BSU01;COCINA;ENSERES DE HOGAR;OASIS;SIN ESPESIFICAR;10.00;L12,394.79
BSU01;COCINA;ENSERES DE HOGAR;OASIS;REFRIGERACION INDUSTRIAL DOMESTICA Y ACCESORIOS ;2.00;L95.66
BSU01;COCINA;ENSERES DE HOGAR;PERCOLADORAS;DISTRIBUCIONES UNIVERSALES S.A. DE C.V.;2.00;L990.00
BSU01;COCINA;ENSERES DE HOGAR;PLANCHAS;SIN ESPESIFICAR;3.00;L293.72
BSU01;COCINA;ENSERES DE HOGAR;SILLAS;SIN ESPESIFICAR;20.00;L17,552.07
BSU01;COCINA;ENSERES DE HOGAR;UTENSILIO DE COCINA ;INVERSIONES DEL PLASTICOS S. DE R.L.;1,300.00;L7,150.00
BSU01;COCINA;INSECTICIDAS;TOXICOS;SURTIDORA AGROPECUARIA SURTIAGRO;3.00;L105.00
BSU01;COCINA;UTENSILIOS DE COCINA;DESECHABLES;DANILOS STORE SA;1.00;L1,290.00
BSU01;COCINA;UTENSILIOS DE COCINA;DESECHABLES;BODEGA UMANZOR;113.00;L1,180.87
BSU01;COCINA;UTENSILIOS DE COCINA;DESECHABLES;ALMACEN EL JORDAN S DE R.L;8.00;L271.28
BSU01;COCINA;VIVERES;VIVERES;SIN ESPESIFICAR;8,921.00;L87,098.24
BSU01;COCINA;VIVERES;VIVERES;PURIFICADORA DE AGUA OASIS DE VIDA S. DE R.L;80.00;L600.00
BSU01;COCINA;VIVERES;VIVERES;BODEGA UMANZOR;7.00;L195.65
BSU01;CONSTRUCCION;HERRAMIENTAS;CLAVOS;LA PERLA DEL COLOR S DE R.L.;127.15;L3,116.87
BSU01;CONSTRUCCION;HERRAMIENTAS;CLAVOS;FERRETERIA FARAJ. S.A. DE. C.V.;40.00;L681.70
BSU01;CONSTRUCCION;HERRAMIENTAS;CLAVOS;MADERAS Y SUMINISTROS OSEGUERA, S.A.;323.00;L313.97
BSU01;CONSTRUCCION;HERRAMIENTAS;CLAVOS;NAHUM ALBERTO MENDEZ AGUILERA / PROYECTO;10.70;L267.50
BSU01;CONSTRUCCION;HERRAMIENTAS;CLAVOS;FERRETERIA EL BARATILLO S.A;175.00;L106.16
BSU01;CONSTRUCCION;HERRAMIENTAS;CLAVOS;RICARDO JESUS BENDECK TURCIOS;205.00;L89.07
BSU01;CONSTRUCCION;HERRAMIENTAS;CLAVOS;CARLOS ALBERTO URBINA VELASQUEZ/PROYECTO;15.00;L7.55
BSU01;CONSTRUCCION;HERRAMIENTAS;CLAVOS;LAURA LETICIA MEJIA PERDOMO;4.00;L0.49
BSU01;CONSTRUCCION;HERRAMIENTAS;DISCOS CORTE;LA PERLA DEL COLOR S DE R.L.;10.00;L3,209.10
BSU01;CONSTRUCCION;HERRAMIENTAS;HERRAMIENTAS DE CONSTRUCCION;SIN ESPESIFICAR;21,329.00;L94,568.57
BSU01;CONSTRUCCION;HERRAMIENTAS;HERRAMIENTAS DE CONSTRUCCION;AGENCIA LA MUNDIAL S.A DE C.V;155.00;L83,035.67
BSU01;CONSTRUCCION;HERRAMIENTAS;HERRAMIENTAS DE CONSTRUCCION;SISTEMA DE SEGURIDAD PREVENTIVA ELECTRONICA S DE R;2.00;L75,500.00
BSU01;CONSTRUCCION;HERRAMIENTAS;HERRAMIENTAS DE CONSTRUCCION;LA PERLA DEL COLOR S DE R.L.;400.00;L28,296.64
BSU01;CONSTRUCCION;HERRAMIENTAS;HERRAMIENTAS DE CONSTRUCCION;SYCOM S.A. DE C.V.;1.00;L23,913.05
BSU01;CONSTRUCCION;HERRAMIENTAS;HERRAMIENTAS DE CONSTRUCCION;ELECTRO CONTROLES S. DE R.L DE C.V;2,156.00;L17,081.50
BSU01;CONSTRUCCION;HERRAMIENTAS;HERRAMIENTAS DE CONSTRUCCION;SACOS AMERICANOS S.A DE C.V ;1,502.00;L11,865.95
BSU01;CONSTRUCCION;HERRAMIENTAS;HERRAMIENTAS DE CONSTRUCCION;DISTRIBUIDORA INDUSTRIAL S.A. DE C.V.;128.00;L11,756.90
BSU01;CONSTRUCCION;HERRAMIENTAS;HERRAMIENTAS DE CONSTRUCCION;TORNILLOS Y SERVICIOS MULTIPLES LACAST S.A DE C.V;893.00;L6,738.67
BSU01;CONSTRUCCION;HERRAMIENTAS;HERRAMIENTAS DE CONSTRUCCION;DURAMAX BATTERY S DE R.L;3.00;L6,024.85
BSU01;CONSTRUCCION;HERRAMIENTAS;HERRAMIENTAS DE CONSTRUCCION;INDUSTRIA DE PRODUCTOS METALICOS S.A DE C.V;139.00;L5,140.33
BSU01;CONSTRUCCION;HERRAMIENTAS;HERRAMIENTAS DE CONSTRUCCION;DANILO GARCIA/PROYECTOS;12.00;L3,471.84
BSU01;CONSTRUCCION;HERRAMIENTAS;HERRAMIENTAS DE CONSTRUCCION;ESENCIAS NATURALES S. DE R.L.;4.00;L3,400.00
BSU01;CONSTRUCCION;HERRAMIENTAS;HERRAMIENTAS DE CONSTRUCCION;TUBELITE CENTROAMERICA S.A.;5.00;L3,245.75
BSU01;CONSTRUCCION;HERRAMIENTAS;HERRAMIENTAS DE CONSTRUCCION;ALEJANDRO NAPOLEON LARACH LARACH;4.00;L2,599.02
BSU01;CONSTRUCCION;HERRAMIENTAS;HERRAMIENTAS DE CONSTRUCCION;FERRETERIA EL BARATILLO S.A;12.00;L2,439.01
BSU01;CONSTRUCCION;HERRAMIENTAS;HERRAMIENTAS DE CONSTRUCCION;EQUIPOS INDUSTRIALES S.A. DE C.V;1.00;L2,350.00
BSU01;CONSTRUCCION;HERRAMIENTAS;HERRAMIENTAS DE CONSTRUCCION;DISTRIBUIDORA DE MATERIALES S. DE R.L. DE C.V.;18.00;L2,091.52
BSU01;CONSTRUCCION;HERRAMIENTAS;HERRAMIENTAS DE CONSTRUCCION;FERRETERIA ZUMMAR S.A DE C.V.;14.00;L2,032.78
BSU01;CONSTRUCCION;HERRAMIENTAS;HERRAMIENTAS DE CONSTRUCCION;RICARDO JESUS BENDECK TURCIOS;460.00;L1,856.50
BSU01;CONSTRUCCION;HERRAMIENTAS;HERRAMIENTAS DE CONSTRUCCION;MADECENTER HONDURAS S.A.;89.00;L1,547.83
BSU01;CONSTRUCCION;HERRAMIENTAS;HERRAMIENTAS DE CONSTRUCCION;ANGEL ANTONIO SPEED LARA;35.00;L1,488.57
BSU01;CONSTRUCCION;HERRAMIENTAS;HERRAMIENTAS DE CONSTRUCCION;FERRETERIA FARAJ. S.A. DE. C.V.;2.00;L1,183.96
BSU01;CONSTRUCCION;HERRAMIENTAS;HERRAMIENTAS DE CONSTRUCCION;AGENCIA GLOBAL;6.00;L945.02
BSU01;CONSTRUCCION;HERRAMIENTAS;HERRAMIENTAS DE CONSTRUCCION;NAHUM ALBERTO MENDEZ AGUILERA / PROYECTO;19.00;L804.86
BSU01;CONSTRUCCION;HERRAMIENTAS;HERRAMIENTAS DE CONSTRUCCION;AMAZON (USA);1.00;L760.17
BSU01;CONSTRUCCION;HERRAMIENTAS;HERRAMIENTAS DE CONSTRUCCION;FRIOPARTES S A DE C.V.;2.00;L591.31
BSU01;CONSTRUCCION;HERRAMIENTAS;HERRAMIENTAS DE CONSTRUCCION;PAPER DEPOT S.A DE C.V;13.00;L506.30
BSU01;CONSTRUCCION;HERRAMIENTAS;HERRAMIENTAS DE CONSTRUCCION;LUIS ENRIQUE MUNGUIA/PROYECTO;7.00;L394.00
BSU01;CONSTRUCCION;HERRAMIENTAS;HERRAMIENTAS DE CONSTRUCCION;RAMIRO CARDENAS/PROYECTOS;10.00;L363.77
BSU01;CONSTRUCCION;HERRAMIENTAS;HERRAMIENTAS DE CONSTRUCCION;CIA MERCANTIL LA CASA BLANCA SRL CV;7.00;L360.00
BSU01;CONSTRUCCION;HERRAMIENTAS;HERRAMIENTAS DE CONSTRUCCION;CORPORACION PINEDA S. DE R.L. DE C.V.;2.00;L208.70
BSU01;CONSTRUCCION;HERRAMIENTAS;HERRAMIENTAS DE CONSTRUCCION;JOSE LUIS TEJEDA SOTO;23.00;L145.40
BSU01;CONSTRUCCION;HERRAMIENTAS;HERRAMIENTAS DE CONSTRUCCION;CENTRAL DE MANGUERAS S.A;1.00;L108.55
BSU01;CONSTRUCCION;HERRAMIENTAS;HERRAMIENTAS DE CONSTRUCCION;DROGUERIA Y TIENDA SAN MIGUEL S DE R.L;1.00;L101.75
BSU01;CONSTRUCCION;HERRAMIENTAS;HERRAMIENTAS DE CONSTRUCCION;JOCSAN RUEDA/PROYECTO;3.00;L62.44
BSU01;CONSTRUCCION;HERRAMIENTAS;HERRAMIENTAS DE CONSTRUCCION;CARMELINA VASQUEZ ;2.00;L59.96
BSU01;CONSTRUCCION;HERRAMIENTAS;HERRAMIENTAS DE CONSTRUCCION;CENTRO FERRETERO TORNIFESA S. DE R.L DE C.V.;50.00;L15.25
BSU01;CONSTRUCCION;HERRAMIENTAS;MAQUINARIA;JOYLIVE ELEVATOR CO., LTD;1.00;L511,990.74
BSU01;CONSTRUCCION;HERRAMIENTAS;MAQUINARIA;SIN ESPESIFICAR;7.00;L457,154.58
BSU01;CONSTRUCCION;HERRAMIENTAS;MAQUINARIA;BOMBAS Y MOTORES DE HONDURAS S.A DE C.V.;3.00;L27,300.21
BSU01;CONSTRUCCION;HERRAMIENTAS;MAQUINARIA;METROCENTRO FERRETERIA & ALMACENES SA DE CV;4.00;L4,356.20
BSU01;CONSTRUCCION;HERRAMIENTAS;TORNILLERIA;LA PERLA DEL COLOR S DE R.L.;2,542.00;L11,014.66
BSU01;CONSTRUCCION;HERRAMIENTAS;TORNILLERIA;TORNILLOS Y SERVICIOS MULTIPLES LACAST S.A DE C.V;14,270.00;L9,305.85
BSU01;CONSTRUCCION;HERRAMIENTAS;TORNILLERIA;CENTRO FERRETERO TORNIFESA S. DE R.L DE C.V.;24,500.00;L8,593.77
BSU01;CONSTRUCCION;HERRAMIENTAS;TORNILLERIA;SIN ESPESIFICAR;1,091.00;L839.38
BSU01;CONSTRUCCION;HERRAMIENTAS;TORNILLERIA;ANGEL ANTONIO SPEED LARA;2,048.00;L756.61
BSU01;CONSTRUCCION;HERRAMIENTAS;TORNILLERIA;AGENCIA LA MUNDIAL S.A DE C.V;12.00;L755.83
BSU01;CONSTRUCCION;HERRAMIENTAS;TORNILLERIA;DANILO GARCIA/PROYECTOS;184.00;L699.20
BSU01;CONSTRUCCION;HERRAMIENTAS;TORNILLERIA;RICARDO JESUS BENDECK TURCIOS;1,447.00;L676.99
BSU01;CONSTRUCCION;HERRAMIENTAS;TORNILLERIA;PAPER DEPOT S.A DE C.V;15.00;L555.00
BSU01;CONSTRUCCION;HERRAMIENTAS;TORNILLERIA;TECHNO OFFICE SUPPLIES S, DE R.L.;30.00;L494.10
BSU01;CONSTRUCCION;HERRAMIENTAS;TORNILLERIA;AMAZON (USA);1.00;L482.18
BSU01;CONSTRUCCION;HERRAMIENTAS;TORNILLERIA;RAMIRO CARDENAS/PROYECTOS;970.00;L445.10
BSU01;CONSTRUCCION;HERRAMIENTAS;TORNILLERIA;FERRETERIA EL BARATILLO S.A;441.00;L336.09
BSU01;CONSTRUCCION;HERRAMIENTAS;TORNILLERIA;FERRETERA COMERCIAL SOCIEDAD ANONIMA DE CAPITAL V;1,600.00;L278.27
BSU01;CONSTRUCCION;HERRAMIENTAS;TORNILLERIA;CIA MERCANTIL LA CASA BLANCA SRL CV;50.00;L75.00
BSU01;CONSTRUCCION;HERRAMIENTAS;TORNILLERIA;MADERAS Y SUMINISTROS OSEGUERA, S.A.;29.00;L45.41
BSU01;CONSTRUCCION;HERRAMIENTAS;TORNILLERIA;JOCSAN RUEDA/PROYECTO;18.00;L36.86
BSU01;CONSTRUCCION;HERRAMIENTAS;TORNILLERIA;CARLOS ALBERTO URBINA VELASQUEZ/PROYECTO;20.00;L12.00
BSU01;CONSTRUCCION;MADERA;MADERA;MADECENTER HONDURAS S.A.;500.00;L8,000.01
BSU01;CONSTRUCCION;MATERIALES;ACCESORIOS BOMBAS AGUA ;SIN ESPESIFICAR;1.00;L1,953.25
BSU01;CONSTRUCCION;MATERIALES;ACCESORIOS DE GENERADORES;SIN ESPESIFICAR;4.00;L975,688.21
BSU01;CONSTRUCCION;MATERIALES;ACCESORIOS DE GENERADORES;BOMBAS Y MOTORES DE HONDURAS S.A DE C.V.;16.00;L20,647.95
BSU01;CONSTRUCCION;MATERIALES;ACCESORIOS DE GENERADORES;SUPER REPUESTOS HONDURAS, S.A. DE C.V.;130.50;L10,665.29
BSU01;CONSTRUCCION;MATERIALES;ACCESORIOS DE GENERADORES;AMAZON (USA);1.00;L9,727.37
BSU01;CONSTRUCCION;MATERIALES;ACCESORIOS DE GENERADORES;SYCOM S.A. DE C.V.;5.00;L1,521.75
BSU01;CONSTRUCCION;MATERIALES;AISLANTE;AIRE FRIO DE HONDURAS S. A DE C. V;42.00;L1,039.36
BSU01;CONSTRUCCION;MATERIALES;AISLANTE;DISTRIBUIDORA DE MATERIALES S. DE R.L. DE C.V.;2.00;L0.00
BSU01;CONSTRUCCION;MATERIALES;ANGULOS;RICARDO JESUS BENDECK TURCIOS;12.00;L3,225.48
BSU01;CONSTRUCCION;MATERIALES;ANGULOS;POLARIS INTERNACIONAL S. DE R.L.;55.00;L1,522.13
BSU01;CONSTRUCCION;MATERIALES;CANALETAS;RICARDO JESUS BENDECK TURCIOS;2.00;L770.69
BSU01;CONSTRUCCION;MATERIALES;CANALETAS;MADERAS Y SUMINISTROS OSEGUERA, S.A.;1.00;L521.64
BSU01;CONSTRUCCION;MATERIALES;CATALIZADOR;DISTRIBUIDORA DE MATERIALES S. DE R.L. DE C.V.;16.00;L22,671.92
BSU01;CONSTRUCCION;MATERIALES;CATALIZADOR;LA PERLA DEL COLOR S DE R.L.;19.00;L9,047.10
BSU01;CONSTRUCCION;MATERIALES;CATALIZADOR;SIN ESPESIFICAR;25.00;L4,860.25
BSU01;CONSTRUCCION;MATERIALES;CATALIZADOR;TORNILLOS Y SERVICIOS MULTIPLES LACAST S.A DE C.V;6.00;L2,921.74
BSU01;CONSTRUCCION;MATERIALES;CERAMICA;LIVE MZ COMPANY LIMITED;1,267.20;L446,168.33
BSU01;CONSTRUCCION;MATERIALES;CERAMICA;FOSHAN LIVE BUILDING MATERIALS CO., LTD;693.60;L185,917.11
BSU01;CONSTRUCCION;MATERIALES;CERAMICA;SIN ESPESIFICAR;30.64;L6,494.40
BSU01;CONSTRUCCION;MATERIALES;CERAMICA;EXPOBAÑOS Y COCINA;9.00;L5,611.41
BSU01;CONSTRUCCION;MATERIALES;CERAMICA;STONE MARKET SA DE CV;13.60;L3,555.86
BSU01;CONSTRUCCION;MATERIALES;CERAMICA;CERAMICAS DEL PROGRESO;13.59;L3,427.03
BSU01;CONSTRUCCION;MATERIALES;CERAMICA;FERRETERIA FARAJ. S.A. DE. C.V.;4.87;L2,554.37
BSU01;CONSTRUCCION;MATERIALES;CERAMICA;DANILOS STORE SA;8.10;L1,760.87
BSU01;CONSTRUCCION;MATERIALES;CERAMICA;SOLUCIONES DECORATIVAS DISEÑO Y CONSTRUCCION ;5.40;L1,643.48
BSU01;CONSTRUCCION;MATERIALES;CERAMICA;HONDUGRES S A DE CV;3.60;L1,013.74
BSU01;CONSTRUCCION;MATERIALES;CERAMICA;PAPER DEPOT S.A DE C.V;1.44;L788.00
BSU01;CONSTRUCCION;MATERIALES;CERAMICA;MILIAN ODALMA ANTUNEZ TORRES;2.00;L757.56
BSU01;CONSTRUCCION;MATERIALES;CERAMICA;AGENCIA LA MUNDIAL S.A DE C.V;1.00;L357.00
BSU01;CONSTRUCCION;MATERIALES;CINTA AISLANTE;CIA MERCANTIL LA CASA BLANCA SRL CV;2.00;L952.92
BSU01;CONSTRUCCION;MATERIALES;CINTA AISLANTE;DISTRIBUIDORA INDUSTRIAL S.A. DE C.V.;17.00;L696.45
BSU01;CONSTRUCCION;MATERIALES;CINTA PAPEL;FERRETERIA EL BARATILLO S.A;3.00;L220.06
BSU01;CONSTRUCCION;MATERIALES;DUCHA;SIN ESPESIFICAR;33.00;L50,145.49
BSU01;CONSTRUCCION;MATERIALES;DUCHA;TORNILLOS Y SERVICIOS MULTIPLES LACAST S.A DE C.V;6.00;L826.92
BSU01;CONSTRUCCION;MATERIALES;DUCHA;PAPER DEPOT S.A DE C.V;17.00;L629.00
BSU01;CONSTRUCCION;MATERIALES;ESQUINERO METALICA;JOCSAN RUEDA/PROYECTO;17.00;L567.49
BSU01;CONSTRUCCION;MATERIALES;ESQUINERO METALICA;SIN ESPESIFICAR;9.00;L9.00
BSU01;CONSTRUCCION;MATERIALES;ESTRACTORES;ALMACEN EL PAJARO AZUL S.A DE C.V;4.00;L363.33
BSU01;CONSTRUCCION;MATERIALES;LAMINA DUROCK T/Y;FERRETERIA FARAJ. S.A. DE. C.V.;19.00;L914.56
BSU01;CONSTRUCCION;MATERIALES;LAMINAS ALUZIN;GLOBALFLEX S.A;6.00;L9,269.57
BSU01;CONSTRUCCION;MATERIALES;LAMINAS ALUZIN;PAPER DEPOT S.A DE C.V;7.00;L7,581.00
BSU01;CONSTRUCCION;MATERIALES;LAMINAS ALUZIN;CENTRO FERRETERO TORNIFESA S. DE R.L DE C.V.;1.00;L1,541.19
BSU01;CONSTRUCCION;MATERIALES;LAMINAS ALUZIN;RICARDO JESUS BENDECK TURCIOS;6.00;L900.00
BSU01;CONSTRUCCION;MATERIALES;LAMINAS ALUZIN;ALUTECH S.A DE C.V;2.00;L617.11
BSU01;CONSTRUCCION;MATERIALES;MASILLA;LA PERLA DEL COLOR S DE R.L.;11.00;L3,030.70
BSU01;CONSTRUCCION;MATERIALES;MATERIAL DE CONSTRUCCION;SIN ESPESIFICAR;27,944.00;L160,337.61
BSU01;CONSTRUCCION;MATERIALES;MATERIAL DE CONSTRUCCION;FERRETERIA FARAJ. S.A. DE. C.V.;102.00;L42,368.48
BSU01;CONSTRUCCION;MATERIALES;MATERIAL DE CONSTRUCCION;PAPER DEPOT S.A DE C.V;665.00;L30,842.00
BSU01;CONSTRUCCION;MATERIALES;MATERIAL DE CONSTRUCCION;AGENCIA LA MUNDIAL S.A DE C.V;368.00;L23,209.24
BSU01;CONSTRUCCION;MATERIALES;MATERIAL DE CONSTRUCCION;TORNILLOS Y SERVICIOS MULTIPLES LACAST S.A DE C.V;214.00;L19,886.05
BSU01;CONSTRUCCION;MATERIALES;MATERIAL DE CONSTRUCCION;LA PERLA DEL COLOR S DE R.L.;473.00;L17,710.07
BSU01;CONSTRUCCION;MATERIALES;MATERIAL DE CONSTRUCCION;RICARDO JESUS BENDECK TURCIOS;204.00;L11,687.59
BSU01;CONSTRUCCION;MATERIALES;MATERIAL DE CONSTRUCCION;BOMBAS Y MOTORES DE HONDURAS S.A DE C.V.;2.00;L11,667.54
BSU01;CONSTRUCCION;MATERIALES;MATERIAL DE CONSTRUCCION;LAZARUS & LAZARUS SA DE CV;300.00;L10,400.41
BSU01;CONSTRUCCION;MATERIALES;MATERIAL DE CONSTRUCCION;CIA MERCANTIL LA CASA BLANCA SRL CV;318.00;L9,513.06
BSU01;CONSTRUCCION;MATERIALES;MATERIAL DE CONSTRUCCION;MADECENTER HONDURAS S.A.;900.00;L9,391.30
BSU01;CONSTRUCCION;MATERIALES;MATERIAL DE CONSTRUCCION;FOCUS SA DE CV;36.00;L8,873.46
BSU01;CONSTRUCCION;MATERIALES;MATERIAL DE CONSTRUCCION;EQUIPOS INDUSTRIALES S.A. DE C.V;16.00;L8,569.08
BSU01;CONSTRUCCION;MATERIALES;MATERIAL DE CONSTRUCCION;INVERSIONES INDUMAQ S DE RL;13.00;L8,250.00
BSU01;CONSTRUCCION;MATERIALES;MATERIAL DE CONSTRUCCION;DISTRIBUIDORA DE MATERIALES S. DE R.L. DE C.V.;152.00;L8,209.95
BSU01;CONSTRUCCION;MATERIALES;MATERIAL DE CONSTRUCCION;ALEJANDRO NAPOLEON LARACH LARACH;87.00;L7,412.39
BSU01;CONSTRUCCION;MATERIALES;MATERIAL DE CONSTRUCCION;FLORES Y FLORES INGENIERIA S. DE R.L.;123.00;L6,829.60
BSU01;CONSTRUCCION;MATERIALES;MATERIAL DE CONSTRUCCION;HONDUGRES S A DE CV;13.68;L6,259.97
BSU01;CONSTRUCCION;MATERIALES;MATERIAL DE CONSTRUCCION;CENTRO FERRETERO TORNIFESA S. DE R.L DE C.V.;71.00;L5,880.89
BSU01;CONSTRUCCION;MATERIALES;MATERIAL DE CONSTRUCCION;OLVIN CASTILLO VARELA;5.00;L5,500.00
BSU01;CONSTRUCCION;MATERIALES;MATERIAL DE CONSTRUCCION;LARACH & CIA. S. DE R.L.;21.00;L4,839.13
BSU01;CONSTRUCCION;MATERIALES;MATERIAL DE CONSTRUCCION;EXPOCERAMICA Y MAS S, DE R.L.;11.80;L4,381.54
BSU01;CONSTRUCCION;MATERIALES;MATERIAL DE CONSTRUCCION;FERRETERIA EL BARATILLO S.A;111.00;L4,253.51
BSU01;CONSTRUCCION;MATERIALES;MATERIAL DE CONSTRUCCION;DISTRIBUIDORA TECNOLOGICA DE HONDURAS S.A;10.00;L3,991.30
BSU01;CONSTRUCCION;MATERIALES;MATERIAL DE CONSTRUCCION;PISOS Y MARMOLES SA DE CV;3.00;L3,860.87
BSU01;CONSTRUCCION;MATERIALES;MATERIAL DE CONSTRUCCION;DISTRIBUIDORA INDUSTRIAL S.A. DE C.V.;160.00;L3,519.56
BSU01;CONSTRUCCION;MATERIALES;MATERIAL DE CONSTRUCCION;FERRETERIA MONTERROSO S.A DE C.V;5.40;L3,496.20
BSU01;CONSTRUCCION;MATERIALES;MATERIAL DE CONSTRUCCION;CADELGA S.A;1.00;L3,460.32
BSU01;CONSTRUCCION;MATERIALES;MATERIAL DE CONSTRUCCION;RAMIRO CARDENAS/PROYECTOS;9,594.00;L2,188.06
BSU01;CONSTRUCCION;MATERIALES;MATERIAL DE CONSTRUCCION;INVERSIONES Y SERVICIOS MULTIPLES J & M;1.00;L1,200.00
BSU01;CONSTRUCCION;MATERIALES;MATERIAL DE CONSTRUCCION;POLARIS INTERNACIONAL S. DE R.L.;19.00;L1,155.68
BSU01;CONSTRUCCION;MATERIALES;MATERIAL DE CONSTRUCCION;SUPER REPUESTOS HONDURAS, S.A. DE C.V.;1.00;L1,129.80
BSU01;CONSTRUCCION;MATERIALES;MATERIAL DE CONSTRUCCION;CIRCUITOS Y DESARROLLOS EN TECNOLOGIA S DE RL;7.00;L1,069.56
BSU01;CONSTRUCCION;MATERIALES;MATERIAL DE CONSTRUCCION;METROCENTRO FERRETERIA & ALMACENES SA DE CV;2.00;L952.92
BSU01;CONSTRUCCION;MATERIALES;MATERIAL DE CONSTRUCCION;DISTRIBUCIONES UNIVERSALES S.A. DE C.V.;2.00;L891.30
BSU01;CONSTRUCCION;MATERIALES;MATERIAL DE CONSTRUCCION;LED STORE S.A DE C.V;2.00;L869.57
BSU01;CONSTRUCCION;MATERIALES;MATERIAL DE CONSTRUCCION;JOCSAN RUEDA/PROYECTO;74.00;L826.13
BSU01;CONSTRUCCION;MATERIALES;MATERIAL DE CONSTRUCCION;VICTOR MANUEL ALFARO RIVERA ;4.00;L765.20
BSU01;CONSTRUCCION;MATERIALES;MATERIAL DE CONSTRUCCION;JOSE LUIS TEJEDA SOTO;29.00;L729.97
BSU01;CONSTRUCCION;MATERIALES;MATERIAL DE CONSTRUCCION;MADERAS Y SUMINISTROS OSEGUERA, S.A.;3.00;L707.98
BSU01;CONSTRUCCION;MATERIALES;MATERIAL DE CONSTRUCCION;ALMACEN UNIVERSAL S DE RL DE CV;1.00;L615.72
BSU01;CONSTRUCCION;MATERIALES;MATERIAL DE CONSTRUCCION;FERRETERIA ZUMMAR S.A DE C.V.;5.00;L579.93
BSU01;CONSTRUCCION;MATERIALES;MATERIAL DE CONSTRUCCION;ELECTRO CONTROLES S. DE R.L DE C.V;15.00;L572.91
BSU01;CONSTRUCCION;MATERIALES;MATERIAL DE CONSTRUCCION;DIVASA S.DE R.L.;1.00;L352.91
BSU01;CONSTRUCCION;MATERIALES;MATERIAL DE CONSTRUCCION;DANILOS STORE SA;1.00;L279.71
BSU01;CONSTRUCCION;MATERIALES;MATERIAL DE CONSTRUCCION;ASLEY NINOSKA REYES RAMOS ;5.00;L163.77
BSU01;CONSTRUCCION;MATERIALES;MATERIAL DE CONSTRUCCION;LAURA LETICIA MEJIA PERDOMO;1.00;L139.13
BSU01;CONSTRUCCION;MATERIALES;MATERIAL DE CONSTRUCCION;MARVIN MARCIANO GOMEZ BAUTISTA / PROYECTOS;22.00;L113.35
BSU01;CONSTRUCCION;MATERIALES;MATERIAL DE CONSTRUCCION;NAHUM ALBERTO MENDEZ AGUILERA / PROYECTO;11.00;L86.91
BSU01;CONSTRUCCION;MATERIALES;MATERIAL DE CONSTRUCCION;FERRETERIA COSMUVAL S.A DE C.V;1.00;L17.79
BSU01;CONSTRUCCION;MATERIALES;PEGAMENTO;CENTRO FERRETERO TORNIFESA S. DE R.L DE C.V.;1.00;L909.30
BSU01;CONSTRUCCION;MATERIALES;PEGAMENTO;EQUIPOS INDUSTRIALES S.A. DE C.V;1.00;L669.30
BSU01;CONSTRUCCION;MATERIALES;PEGAMENTO;AGENCIA LA MUNDIAL S.A DE C.V;6.00;L426.64
BSU01;CONSTRUCCION;MATERIALES;PINTURA;DISTRIBUIDORA DE MATERIALES S. DE R.L. DE C.V.;147.00;L145,322.06
BSU01;CONSTRUCCION;MATERIALES;PINTURA;LA PERLA DEL COLOR S DE R.L.;143.00;L134,678.37
BSU01;CONSTRUCCION;MATERIALES;PINTURA;TORNILLOS Y SERVICIOS MULTIPLES LACAST S.A DE C.V;17.00;L19,146.95
BSU01;CONSTRUCCION;MATERIALES;PINTURA;SIN ESPESIFICAR;10.00;L14,315.76
BSU01;CONSTRUCCION;MATERIALES;PINTURA;WCS SOLUCIONES S DE RL DE CV;1.00;L1,874.25
BSU01;CONSTRUCCION;MATERIALES;PINTURA;MADERAS Y SUMINISTROS OSEGUERA, S.A.;2.00;L673.04
BSU01;CONSTRUCCION;MATERIALES;PINTURA;AGENCIA LA MUNDIAL S.A DE C.V;3.00;L231.72
BSU01;CONSTRUCCION;MATERIALES;POSTES;MADERAS Y SUMINISTROS OSEGUERA, S.A.;37.00;L1,865.52
BSU01;CONSTRUCCION;MATERIALES;PUERTAS TERMOFORMADAS;SIN ESPESIFICAR;1.00;L600.00
BSU01;CONSTRUCCION;MATERIALES;REPUESTOS DE FUMIGADORA;SIN ESPESIFICAR;5.00;L372.53
BSU01;CONSTRUCCION;MATERIALES;TANQUES;SIN ESPESIFICAR;4.00;L104,765.67
BSU01;CONSTRUCCION;MATERIALES;TANQUES;TORNILLOS Y SERVICIOS MULTIPLES LACAST S.A DE C.V;4.00;L1,410.44
BSU01;CONSTRUCCION;MATERIALES;TANQUES;AGENCIA LA MUNDIAL S.A DE C.V;46.00;L164.58
BSU01;CONSTRUCCION;MATERIALES;THINER;LA PERLA DEL COLOR S DE R.L.;1.00;L559.26
BSU01;CONSTRUCCION;MATERIALES;TUBERIA PVC;CIA MERCANTIL LA CASA BLANCA SRL CV;525.00;L18,964.41
BSU01;CONSTRUCCION;MATERIALES;TUBERIA PVC;DISTRIBUIDORA INDUSTRIAL S.A. DE C.V.;22.00;L8,159.66
BSU01;CONSTRUCCION;MATERIALES;TUBERIA PVC;SIN ESPESIFICAR;47.00;L5,217.61
BSU01;CONSTRUCCION;MATERIALES;TUBERIA PVC;RICARDO JESUS BENDECK TURCIOS;263.00;L4,626.52
BSU01;CONSTRUCCION;MATERIALES;TUBERIA PVC;ELECTRO CONTROLES S. DE R.L DE C.V;196.00;L4,468.45
BSU01;CONSTRUCCION;MATERIALES;TUBERIA PVC;AGENCIA LA MUNDIAL S.A DE C.V;160.00;L3,387.01
BSU01;CONSTRUCCION;MATERIALES;TUBERIA PVC;MADERAS Y SUMINISTROS OSEGUERA, S.A.;20.00;L3,117.21
BSU01;CONSTRUCCION;MATERIALES;TUBERIA PVC;TORNILLOS Y SERVICIOS MULTIPLES LACAST S.A DE C.V;79.00;L2,076.60
BSU01;CONSTRUCCION;MATERIALES;TUBERIA PVC;DISTRIBUIDORA DE MATERIALES S. DE R.L. DE C.V.;2.00;L1,326.78
BSU01;CONSTRUCCION;MATERIALES;TUBERIA PVC;ALEJANDRO NAPOLEON LARACH LARACH;3.00;L1,061.12
BSU01;CONSTRUCCION;MATERIALES;TUBERIA PVC;NAHUM ALBERTO MENDEZ AGUILERA / PROYECTO;20.00;L572.49
BSU01;CONSTRUCCION;MATERIALES;TUBERIA PVC;RAMIRO CARDENAS/PROYECTOS;23.00;L540.61
BSU01;CONSTRUCCION;MATERIALES;TUBERIA PVC;FERRETERIA EL BARATILLO S.A;56.00;L486.95
BSU01;CONSTRUCCION;MATERIALES;TUBERIA PVC;FRIOPARTES S A DE C.V.;55.00;L477.34
BSU01;CONSTRUCCION;MATERIALES;TUBERIA PVC;YORLIN ODIEL GALEAS PADILLA;17.00;L372.81
BSU01;CONSTRUCCION;MATERIALES;TUBERIA PVC;JOCSAN RUEDA/PROYECTO;19.00;L219.54
BSU01;CONSTRUCCION;MATERIALES;TUBERIA PVC;DANILO GARCIA/PROYECTOS;15.00;L181.30
BSU01;CONSTRUCCION;MATERIALES;TUBERIA PVC;CENTRO FERRETERO TORNIFESA S. DE R.L DE C.V.;1.00;L98.00
BSU01;CONSTRUCCION;MATERIALES;TUBERIA PVC;CESAR DANILO GARCIA BARAHONA;10.00;L80.00
BSU01;CONSTRUCCION;MATERIALES;TUBERIA PVC;FREDY LEONARDO FRANCO AGUILAR;7.00;L57.32
BSU01;CONSTRUCCION;MATERIALES;TUBERIA PVC;LUIS ENRIQUE MUNGUIA/PROYECTO;2.00;L50.00
BSU01;CONSTRUCCION;MATERIALES;TUBOS;RICARDO JESUS BENDECK TURCIOS;19.00;L3,106.91
BSU01;CONSTRUCCION;MATERIALES;TUBOS;NAUFFAR GERMANY DOORS AND WINDOWS, S.A.;1.00;L2,622.05
BSU01;CONSTRUCCION;MATERIALES;TUBOS;ALEJANDRO NAPOLEON LARACH LARACH;7.00;L1,382.91
BSU01;CONSTRUCCION;MATERIALES;TUBOS;SIN ESPESIFICAR;1.00;L280.00
BSU01;CONSTRUCCION;MATERIALES;TUBOS;FERRETERIA EL BARATILLO S.A;1.00;L276.52
BSU01;CONSTRUCCION;MATERIALES;TUBOS;AGENCIA LA MUNDIAL S.A DE C.V;6.00;L57.06
BSU01;CONSTRUCCION;MATERIALES;VARILLAS;DISTRIBUIDORA INDUSTRIAL S.A. DE C.V.;16.00;L3,780.32
BSU01;CONSTRUCCION;MATERIALES;VARILLAS;LA PERLA DEL COLOR S DE R.L.;4.00;L363.04
BSU01;CONSTRUCCION;MATERIALES;VARILLAS;ELECTRO CONTROLES S. DE R.L DE C.V;6.00;L150.00
BSU01;CONSTRUCCION;MATERIALES;(en blanco);FERRETERIA EL BARATILLO S.A;1.00;L417.16
BSU01;DECORACIONES ;ADORNO DECORACION;ADORNOS NAVIDEÑOS;SIN ESPESIFICAR;22.00;L18,589.02
BSU01;DECORACIONES ;ADORNO DECORACION;ADORNOS NAVIDEÑOS;LED STORE S.A DE C.V;9.00;L1,643.42
BSU01;DISPLAY;DISPLAY TIENDAS;CANASTAS;DISTRIBUCIONES UNIVERSALES S.A. DE C.V.;2.00;L519.52
BSU01;ELECTRONICA;EQUIPO COMPUTO;ACCESORIOS TECNOLOGICOS;FELIPE ANTONIO GONZALEZ MADRID;104.00;L45,294.86
BSU01;ELECTRONICA;EQUIPO COMPUTO;ACCESORIOS TECNOLOGICOS;SIN ESPESIFICAR;7,351.00;L40,144.27
BSU01;ELECTRONICA;EQUIPO COMPUTO;ACCESORIOS TECNOLOGICOS;AMAZON (USA);4.00;L23,333.41
BSU01;ELECTRONICA;EQUIPO COMPUTO;ACCESORIOS TECNOLOGICOS;DISTRIBUCIONES UNIVERSALES S.A. DE C.V.;4.00;L21,510.63
BSU01;ELECTRONICA;EQUIPO COMPUTO;ACCESORIOS TECNOLOGICOS;ASESORIA Y DESARROLLO DE SISTEMAS, S.A. DE C.V.;3.00;L19,850.00
BSU01;ELECTRONICA;EQUIPO COMPUTO;ACCESORIOS TECNOLOGICOS;OFFICE SOLUTIONS S DE RL;1.00;L13,110.00
BSU01;ELECTRONICA;EQUIPO COMPUTO;ACCESORIOS TECNOLOGICOS;ALMACEN EL PAJARO AZUL S.A DE C.V;20.00;L12,691.41
BSU01;ELECTRONICA;EQUIPO COMPUTO;ACCESORIOS TECNOLOGICOS;SOLUCIONES INTELIGENTES S.A DE C.V;3.00;L9,652.50
BSU01;ELECTRONICA;EQUIPO COMPUTO;ACCESORIOS TECNOLOGICOS;PAPER DEPOT S.A DE C.V;29.00;L8,801.02
BSU01;ELECTRONICA;EQUIPO COMPUTO;ACCESORIOS TECNOLOGICOS;OFFICE COMPUTERS S. DE R.L.;8.00;L7,075.35
BSU01;ELECTRONICA;EQUIPO COMPUTO;ACCESORIOS TECNOLOGICOS;DISTRIBUIDORA INDUSTRIAL S.A. DE C.V.;14.00;L3,545.92
BSU01;ELECTRONICA;EQUIPO COMPUTO;ACCESORIOS TECNOLOGICOS;TELAP S.A;2.00;L1,475.20
BSU01;ELECTRONICA;EQUIPO COMPUTO;ACCESORIOS TECNOLOGICOS;CIRCUITOS Y DESARROLLOS EN TECNOLOGIA S DE RL;7.00;L1,165.22
BSU01;ELECTRONICA;EQUIPO COMPUTO;ACCESORIOS TECNOLOGICOS;VICTOR MANUEL ZELAYA VEGA;1.00;L1,100.00
BSU01;ELECTRONICA;EQUIPO COMPUTO;ACCESORIOS TECNOLOGICOS;ELECTRO CONTROLES S. DE R.L DE C.V;1.00;L750.00
BSU01;ELECTRONICA;EQUIPO COMPUTO;ACCESORIOS TECNOLOGICOS;DANILOS STORE SA;4.00;L634.78
BSU01;ELECTRONICA;EQUIPO COMPUTO;ACCESORIOS TECNOLOGICOS;SYCOM S.A. DE C.V.;1.00;L604.35
BSU01;ELECTRONICA;EQUIPO COMPUTO;ACCESORIOS TECNOLOGICOS;DISTRIBUIDORA TECNOLOGICA DE HONDURAS S.A;1.00;L433.91
BSU01;ELECTRONICA;EQUIPO COMPUTO;ACCESORIOS TECNOLOGICOS;SEGURIDAD Y ELECTRONICA MAFO S.A. DE C.V.;2.00;L295.66
BSU01;ELECTRONICA;EQUIPO COMPUTO;ACCESORIOS TECNOLOGICOS;IBC LAPTOP REPAIR, INC;6.00;L156.81
BSU01;ELECTRONICA;EQUIPO COMPUTO;ACCESORIOS TECNOLOGICOS;GYS DISTRIBUIDORA S.A. DE C.V.;1.00;L129.06
BSU01;ELECTRONICA;EQUIPO COMPUTO;ACCESORIOS TECNOLOGICOS;ALMACEN EL JORDAN S DE R.L;1.00;L86.09
BSU01;ELECTRONICA;EQUIPO COMPUTO;ADAPTADORES;SIN ESPESIFICAR;1,857.00;L4,787.77
BSU01;ELECTRONICA;EQUIPO COMPUTO;ADAPTADORES;AMAZON (USA);11.00;L2,328.28
BSU01;ELECTRONICA;EQUIPO COMPUTO;ADAPTADORES;ACCESORIOS PARA COMPUTADORAS Y OFICINAS S.A DE C.V;9.00;L1,464.47
BSU01;ELECTRONICA;EQUIPO COMPUTO;ADAPTADORES;ALMACEN EL PAJARO AZUL S.A DE C.V;5.00;L902.50
BSU01;ELECTRONICA;EQUIPO COMPUTO;ADAPTADORES;FELIPE ANTONIO GONZALEZ MADRID;8.00;L750.00
BSU01;ELECTRONICA;EQUIPO COMPUTO;ADAPTADORES;TECNO GARANTIA EXPRES;2.00;L521.74
BSU01;ELECTRONICA;EQUIPO COMPUTO;ADAPTADORES;SYCOM S.A. DE C.V.;2.00;L298.70
BSU01;ELECTRONICA;EQUIPO COMPUTO;BIOMETRICO;G Y S DISTRIBUIDORA, S DE R.L. DE C.V.;3.00;L11,380.50
BSU01;ELECTRONICA;EQUIPO COMPUTO;CABLE/MECHAS;SIN ESPESIFICAR;12,058.00;L153,409.58
BSU01;ELECTRONICA;EQUIPO COMPUTO;CABLE/MECHAS;ALMACEN EL PAJARO AZUL S.A DE C.V;36.00;L5,339.59
BSU01;ELECTRONICA;EQUIPO COMPUTO;CABLE/MECHAS;LEONEL EDUARDO RODRIGUEZ MELGAR ;1.00;L5,051.69
BSU01;ELECTRONICA;EQUIPO COMPUTO;CABLE/MECHAS;TECHNO OFFICE SUPPLIES S, DE R.L.;20.00;L5,000.00
BSU01;ELECTRONICA;EQUIPO COMPUTO;CABLE/MECHAS;OFFICE COMPUTERS S. DE R.L.;7.00;L2,709.00
BSU01;ELECTRONICA;EQUIPO COMPUTO;CABLE/MECHAS;SYCOM S.A. DE C.V.;1.00;L1,358.77
BSU01;ELECTRONICA;EQUIPO COMPUTO;CABLE/MECHAS;IBC LAPTOP REPAIR, INC;19.00;L569.00
BSU01;ELECTRONICA;EQUIPO COMPUTO;CAMARAS;SIN ESPESIFICAR;59.00;L49,151.94
BSU01;ELECTRONICA;EQUIPO COMPUTO;CAMARAS;FELIPE ANTONIO GONZALEZ MADRID;32.00;L15,564.85
BSU01;ELECTRONICA;EQUIPO COMPUTO;CANALETA/IT;SIN ESPESIFICAR;3.00;L330.00
BSU01;ELECTRONICA;EQUIPO COMPUTO;COMPUTADORA;OFFICE COMPUTERS S. DE R.L.;10.00;L78,924.50
BSU01;ELECTRONICA;EQUIPO COMPUTO;COMPUTADORA;AMAZON (USA);1.00;L11,978.96
BSU01;ELECTRONICA;EQUIPO COMPUTO;COMPUTADORA;FELIPE ANTONIO GONZALEZ MADRID;6.00;L9,735.00
BSU01;ELECTRONICA;EQUIPO COMPUTO;COMPUTADORA;TECHNO OFFICE SUPPLIES S, DE R.L.;1.00;L8,610.00
BSU01;ELECTRONICA;EQUIPO COMPUTO;COMPUTADORA;IBC LAPTOP REPAIR, INC;1.00;L4,129.31
BSU01;ELECTRONICA;EQUIPO COMPUTO;COMPUTADORA;ELECTRO CONTROLES S. DE R.L DE C.V;1.00;L3,250.00
BSU01;ELECTRONICA;EQUIPO COMPUTO;COMPUTADORA;AGENCIA LA MUNDIAL S.A DE C.V;2.00;L179.26
BSU01;ELECTRONICA;EQUIPO COMPUTO;CONECTORES;SIN ESPESIFICAR;2,001.00;L3,142.43
BSU01;ELECTRONICA;EQUIPO COMPUTO;CONECTORES;CIA MERCANTIL LA CASA BLANCA SRL CV;206.00;L2,756.64
BSU01;ELECTRONICA;EQUIPO COMPUTO;CONECTORES;DISTRIBUIDORA INDUSTRIAL S.A. DE C.V.;42.00;L527.10
BSU01;ELECTRONICA;EQUIPO COMPUTO;CONECTORES;ELECTRO REPUESTOS S. DE R.L.;1.00;L73.68
BSU01;ELECTRONICA;EQUIPO COMPUTO;CONECTORES;FELIPE ANTONIO GONZALEZ MADRID;10.00;L16.00
BSU01;ELECTRONICA;EQUIPO COMPUTO;CONVERTIDORES;SIN ESPESIFICAR;1.00;L465.60
BSU01;ELECTRONICA;EQUIPO COMPUTO;DISCO DURO;FELIPE ANTONIO GONZALEZ MADRID;25.00;L41,490.23
BSU01;ELECTRONICA;EQUIPO COMPUTO;DISCO DURO;OFFICE COMPUTERS S. DE R.L.;3.00;L8,376.63
BSU01;ELECTRONICA;EQUIPO COMPUTO;DISCO DURO;SIN ESPESIFICAR;13.00;L5,784.02
BSU01;ELECTRONICA;EQUIPO COMPUTO;DVR;TECHNO OFFICE SUPPLIES S, DE R.L.;3.00;L14,250.41
BSU01;ELECTRONICA;EQUIPO COMPUTO;FUENTES DE PODER;ELECTRO CONTROLES S. DE R.L DE C.V;5.00;L4,250.00
BSU01;ELECTRONICA;EQUIPO COMPUTO;FUENTES DE PODER;SIN ESPESIFICAR;1.00;L1,100.00
BSU01;ELECTRONICA;EQUIPO COMPUTO;FUENTES DE PODER;VICTOR MANUEL ZELAYA VEGA;1.00;L550.00
BSU01;ELECTRONICA;EQUIPO COMPUTO;IMPRESORA;FELIPE ANTONIO GONZALEZ MADRID;10.00;L73,760.00
BSU01;ELECTRONICA;EQUIPO COMPUTO;IMPRESORA;SISTEMAS INFORMATICOS ADMINISTRATIVOS S. DE R.L.;5.00;L38,695.65
BSU01;ELECTRONICA;EQUIPO COMPUTO;IMPRESORA;TECHNO OFFICE SUPPLIES S, DE R.L.;5.00;L25,256.50
BSU01;ELECTRONICA;EQUIPO COMPUTO;IMPRESORA;SIN ESPESIFICAR;13.00;L22,633.83
BSU01;ELECTRONICA;EQUIPO COMPUTO;IMPRESORA;DIGITAL PLANET S DE R.L. DE C.V.;5.00;L17,500.00
BSU01;ELECTRONICA;EQUIPO COMPUTO;IMPRESORA;AMAZON (USA);1.00;L3,704.66
BSU01;ELECTRONICA;EQUIPO COMPUTO;IMPRESORA;TUBELITE CENTROAMERICA S.A.;400.00;L1,316.00
BSU01;ELECTRONICA;EQUIPO COMPUTO;INVERSOR;SIN ESPESIFICAR;1.00;L9,722.79
BSU01;ELECTRONICA;EQUIPO COMPUTO;JACK;SIN ESPESIFICAR;219.00;L1,321.82
BSU01;ELECTRONICA;EQUIPO COMPUTO;JACK;FELIPE ANTONIO GONZALEZ MADRID;20.00;L950.00
BSU01;ELECTRONICA;EQUIPO COMPUTO;MEMORIA;OFFICE COMPUTERS S. DE R.L.;24.00;L16,677.00
BSU01;ELECTRONICA;EQUIPO COMPUTO;MEMORIA;SIN ESPESIFICAR;2.00;L1,378.20
BSU01;ELECTRONICA;EQUIPO COMPUTO;MOUSE;LAPTOPS STORE DE HONDURAS, S. DE R.L. DE C.V.;10.00;L2,341.50
BSU01;ELECTRONICA;EQUIPO COMPUTO;PATCH CORD;FELIPE ANTONIO GONZALEZ MADRID;19.00;L3,230.00
BSU01;ELECTRONICA;EQUIPO COMPUTO;PATCH PANEL;ACCESORIOS PARA COMPUTADORAS Y OFICINAS S.A DE C.V;8.00;L3,209.76
BSU01;ELECTRONICA;EQUIPO COMPUTO;PATCH PANEL;GIGANET S.A DE C.V ;2.00;L1,879.34
BSU01;ELECTRONICA;EQUIPO COMPUTO;PLACAS;AGENCIA LA MUNDIAL S.A DE C.V;1.00;L50.25
BSU01;ELECTRONICA;EQUIPO COMPUTO;PROYECTORES ;SYCOM S.A. DE C.V.;4.00;L11,773.92
BSU01;ELECTRONICA;EQUIPO COMPUTO;ROUTER;QUALITY INDUSTRIAL CONSTRUCCION S DE RL;4.00;L14,759.51
BSU01;ELECTRONICA;EQUIPO COMPUTO;ROUTER;ASESORIA Y DESARROLLO DE SISTEMAS, S.A. DE C.V.;2.00;L1,600.00
BSU01;ELECTRONICA;EQUIPO COMPUTO;SCANNER;SISTEMAS INFORMATICOS ADMINISTRATIVOS S. DE R.L.;2.00;L21,043.48
BSU01;ELECTRONICA;EQUIPO COMPUTO;SCANNER;SIN ESPESIFICAR;13.00;L15,305.00
BSU01;ELECTRONICA;EQUIPO COMPUTO;SERVICIOS Y MANTENIMIENTOS TECNOLOGICOS;SIN ESPESIFICAR;4.00;L4.00
BSU01;ELECTRONICA;EQUIPO COMPUTO;SERVIDORES;TECHNO OFFICE SUPPLIES S, DE R.L.;1.00;L37,324.19
BSU01;ELECTRONICA;EQUIPO COMPUTO;SONIDOS;ALMACEN EL PAJARO AZUL S.A DE C.V;25.00;L39,234.73
BSU01;ELECTRONICA;EQUIPO COMPUTO;SWICHT;ACCESORIOS PARA COMPUTADORAS Y OFICINAS S.A DE C.V;10.00;L5,375.11
BSU01;ELECTRONICA;EQUIPO COMPUTO;SWICHT;VICTOR MANUEL ZELAYA VEGA;11.00;L550.00
BSU01;ELECTRONICA;EQUIPO COMPUTO;TECLADO;OFFICE COMPUTERS S. DE R.L.;10.00;L3,625.00
BSU01;ELECTRONICA;EQUIPO COMPUTO;TECLADO;LAPTOPS STORE DE HONDURAS, S. DE R.L. DE C.V.;10.00;L3,536.60
BSU01;ELECTRONICA;EQUIPO COMPUTO;TECLADO;SIN ESPESIFICAR;2.00;L1,543.36
BSU01;ELECTRONICA;EQUIPO COMPUTO;TECLADO;SYCOM S.A. DE C.V.;2.00;L605.79
BSU01;ELECTRONICA;EQUIPO COMPUTO;TELEVISORE/SISTEMAS DE AUDIO;SIN ESPESIFICAR;11.00;L32,532.68
BSU01;ELECTRONICA;EQUIPO COMPUTO;TINTAS;OFFICE COMPUTERS S. DE R.L.;16.00;L13,491.35
BSU01;ELECTRONICA;EQUIPO COMPUTO;TINTAS;SIN ESPESIFICAR;21.00;L5,180.11
BSU01;ELECTRONICA;EQUIPO COMPUTO;TINTAS;LEVY MENAHEN MARTINEZ BARAHONA;31.00;L3,683.65
BSU01;ELECTRONICA;EQUIPO COMPUTO;TRANSFERENCIA;SIN ESPESIFICAR;150.00;L13,844.42
BSU01;ELECTRONICA;EQUIPO COMPUTO;TRANSFERENCIA;GYS DISTRIBUIDORA S.A. DE .C.V.;2.00;L410.67
BSU01;ELECTRONICA;INSTRUMENTOS MUSICALES;ACCESORIOS DE MUSICA;ALMACEN EL PAJARO AZUL S.A DE C.V;19.00;L25,649.00
BSU01;ELECTRONICA;INSTRUMENTOS MUSICALES;ACCESORIOS DE MUSICA;SIN ESPESIFICAR;7.00;L12,937.11
BSU01;ELECTRONICA;INSTRUMENTOS MUSICALES;ACCESORIOS DE MUSICA;ASESORIA Y DESARROLLO DE SISTEMAS, S.A. DE C.V.;6.00;L4,500.00
BSU01;ELECTRONICA;INSTRUMENTOS MUSICALES;ACCESORIOS DE MUSICA;DISTRIBUCIONES UNIVERSALES S.A. DE C.V.;2.00;L1,180.88
BSU01;ELECTRONICA;INSTRUMENTOS MUSICALES;ACCESORIOS DE MUSICA;ALMACEN EL JORDAN S DE R.L;1.00;L955.65
BSU01;ELECTRONICA;MONITOREO;CAMARAS;FELIPE ANTONIO GONZALEZ MADRID;31.00;L25,379.51
BSU01;ELECTRONICA;MONITOREO;CAMARAS;GYS DISTRIBUIDORA S.A. DE C.V.;37.00;L17,662.91
BSU01;ELECTRONICA;MONITOREO;FUENTES DE PODER;GYS DISTRIBUIDORA S.A. DE .C.V.;13.00;L1,670.00
BSU01;ELECTRONICA;MUSICA;INSTRUMENTO MUSICAL;ALMACEN EL PAJARO AZUL S.A DE C.V;6.00;L36,462.32
BSU01;EMPAQUES;BOLSAS;BOLSA LISA;ALFAPACK, S.A DE C.V.;1,886.55;L43,868.06
BSU01;EMPAQUES;BOLSAS;BOLSA LISA;SIN ESPESIFICAR;340.90;L7,572.86
BSU01;EMPAQUES;BOLSAS;BOLSA LISA;PLASTICOS EUROPEOS S. DE R.L.;115.13;L2,878.25
BSU01;EMPAQUES;BOLSAS;BOLSA MEMBRETADA;SIN ESPESIFICAR;1,031.10;L62,525.92
BSU01;EMPAQUES;BOLSAS;BOLSA MEMBRETADA;ALFAPACK, S.A DE C.V.;203.55;L5,642.14
BSU01;EMPAQUES;BOLSAS;BOLSA TOSTATA;SIN ESPESIFICAR;12,725.05;L314,691.15
BSU01;EMPAQUES;FLEJE;NAILON;DISTRIBUIDORA DE MATERIALES S. DE R.L. DE C.V.;2.00;L0.00
BSU01;EMPAQUES;TEXTILES ;ETIQUETA BESO;FINOS TEXTILES DE CENTROAMERICA S.A.;74,000.00;L70,436.72
BSU01;EMPAQUES;TEXTILES ;ETIQUETA CAMILLA;FINOS TEXTILES DE CENTROAMERICA S.A.;50,935.00;L49,164.10
BSU01;EMPAQUES;TEXTILES ;ETIQUETA CAMILLA;DARLYNG ARACELY PEÑA RAMIREZ;26,808.00;L21,446.40
BSU01;EMPAQUES;TEXTILES ;ETIQUETA CAMILLA;SIN ESPESIFICAR;51,320.00;L9,916.30
BSU01;EMPAQUES;TEXTILES ;ETIQUETA CASSIDY;DARLYNG ARACELY PEÑA RAMIREZ;18,500.00;L12,950.00
BSU01;EMPAQUES;TEXTILES ;ETIQUETA CASSIDY;SIN ESPESIFICAR;1,520.00;L269.66
BSU01;EMPAQUES;TEXTILES ;ETIQUETA CHOCOLE;FINOS TEXTILES DE CENTROAMERICA S.A.;48,500.00;L42,985.02
BSU01;EMPAQUES;TEXTILES ;ETIQUETA CHOCOLE;DARLYNG ARACELY PEÑA RAMIREZ;50,000.00;L42,500.00
BSU01;EMPAQUES;TEXTILES ;ETIQUETA ESCANDALO;SIN ESPESIFICAR;226,381.00;L45,076.38
BSU01;EMPAQUES;TEXTILES ;ETIQUETA FUROR;FINOS TEXTILES DE CENTROAMERICA S.A.;24,500.00;L18,990.00
BSU01;EMPAQUES;TEXTILES ;ETIQUETA FUROR;SIN ESPESIFICAR;40,006.00;L5,284.26
BSU01;EMPAQUES;TEXTILES ;ETIQUETA MIA COLLENTION;SIN ESPESIFICAR;229,410.00;L42,277.75
BSU01;EMPAQUES;TEXTILES ;ETIQUETA MIA COLLENTION;DARLYNG ARACELY PEÑA RAMIREZ;31,700.00;L17,988.95
BSU01;EMPAQUES;TEXTILES ;ETIQUETA MIA COLLENTION;FINOS TEXTILES DE CENTROAMERICA S.A.;1,800.00;L2,180.00
BSU01;EMPAQUES;TEXTILES ;ETIQUETA VALE VALE;FINOS TEXTILES DE CENTROAMERICA S.A.;33,400.00;L30,880.00
BSU01;EMPAQUES;TEXTILES ;ETIQUETA VALE VALE;DARLYNG ARACELY PEÑA RAMIREZ;41,323.00;L22,727.65
BSU01;EMPAQUES;TEXTILES ;ETIQUETA VALE VALE;SIN ESPESIFICAR;500.00;L130.00
BSU01;EMPAQUES;TEXTILES ;ETIQUETA VALERIA;FINOS TEXTILES DE CENTROAMERICA S.A.;23,400.00;L28,892.93
BSU01;EMPAQUES;TEXTILES ;TRACTOR;DARLYNG ARACELY PEÑA RAMIREZ;40,000.00;L21,019.60
BSU01;EMPAQUES;TEXTILES ;(en blanco);FINOS TEXTILES DE CENTROAMERICA S.A.;3,500.00;L4,200.00
BSU01;FARMACEUTICOS;MEDICAMENTOS;JERINGAS;DROGUERIA Y TIENDA SAN MIGUEL S DE R.L;90.00;L103.50
BSU01;FARMACEUTICOS;MEDICAMENTOS;MEDICAMENTOS;DROGUERIA Y TIENDA SAN MIGUEL S DE R.L;461.00;L5,458.33
BSU01;FARMACEUTICOS;MEDICAMENTOS;MEDICAMENTOS;INVERSIONES MEDICAS MONJA SA;52.00;L4,284.49
BSU01;FARMACEUTICOS;MEDICAMENTOS;MEDICAMENTOS;PRODUCTOS DE DIAGNOSTICO Y LABORATORIOS S. DE R.L.;52.00;L3,380.00
BSU01;FARMACEUTICOS;MEDICAMENTOS;MEDICAMENTOS;DORIS AZUCENA JIMENEZ IRAHETA;3.00;L600.00
BSU01;FARMACEUTICOS;MEDICAMENTOS;MEDICAMENTOS;COMERCIAL Y DROGUERIA SYR DE RL DE CV;3.00;L81.00
BSU01;HOGAR;MOBILIARIO;CAMA;SIN ESPESIFICAR;1,348.00;L228,959.52
BSU01;LIMPIEZA;UTENSILIOS LIMPIEZA ;AMBIENTALES;SIN ESPESIFICAR;25.00;L657.18
BSU01;LIMPIEZA;UTENSILIOS LIMPIEZA ;AMBIENTALES;INVERSIONES DONCELLA S. DE R.L DE C.V;10.00;L227.03
BSU01;LIMPIEZA;UTENSILIOS LIMPIEZA ;ANTIBACTERIAL;SIN ESPESIFICAR;48.00;L28,502.85
BSU01;LIMPIEZA;UTENSILIOS LIMPIEZA ;ANTIBACTERIAL;ALEJANDRO NAPOLEON LARACH LARACH;41.00;L17,402.04
BSU01;LIMPIEZA;UTENSILIOS LIMPIEZA ;BASUREROS;AGENCIA LA MUNDIAL S.A DE C.V;100.00;L3,312.17
BSU01;LIMPIEZA;UTENSILIOS LIMPIEZA ;BASUREROS;SIN ESPESIFICAR;45.00;L1,297.01
BSU01;LIMPIEZA;UTENSILIOS LIMPIEZA ;BOMBAS;AGROQUIMICOS Y VETERINARIOS SRL DE C.V.;1.00;L365.22
BSU01;LIMPIEZA;UTENSILIOS LIMPIEZA ;BOMBAS;SIN ESPESIFICAR;8.00;L307.60
BSU01;LIMPIEZA;UTENSILIOS LIMPIEZA ;CANASTAS;PAPER DEPOT S.A DE C.V;8.00;L2,376.00
BSU01;LIMPIEZA;UTENSILIOS LIMPIEZA ;CANASTAS;TORNILLOS Y SERVICIOS MULTIPLES LACAST S.A DE C.V;1.00;L337.75
BSU01;LIMPIEZA;UTENSILIOS LIMPIEZA ;CANASTAS;OPERADORA DEL ORIENTE  S.A DE C.V;1.00;L117.39
BSU01;LIMPIEZA;UTENSILIOS LIMPIEZA ;CANASTAS;AMAZON (USA);-2.00;-L271.31
BSU01;LIMPIEZA;UTENSILIOS LIMPIEZA ;CEPILLOS;PISCINAS CLARA S DE RL DE CV;2.00;L1,440.00
BSU01;LIMPIEZA;UTENSILIOS LIMPIEZA ;CEPILLOS;SIN ESPESIFICAR;3.00;L16.64
BSU01;LIMPIEZA;UTENSILIOS LIMPIEZA ;CEPILLOS;DROGUERIA Y TIENDA SAN MIGUEL S DE R.L;7.00;L0.00
BSU01;LIMPIEZA;UTENSILIOS LIMPIEZA ;CESPED;SIN ESPESIFICAR;721.00;L108,809.12
BSU01;LIMPIEZA;UTENSILIOS LIMPIEZA ;CESPED;SUPERTIENDAS XTRA S.A.;1,970.00;L44,773.05
BSU01;LIMPIEZA;UTENSILIOS LIMPIEZA ;CHEMICOL;SIN ESPESIFICAR;1.00;L12.50
BSU01;LIMPIEZA;UTENSILIOS LIMPIEZA ;DESENGRASANTE ;DORIS AZUCENA JIMENEZ IRAHETA;5.00;L520.00
BSU01;LIMPIEZA;UTENSILIOS LIMPIEZA ;DESINFECTANTES;DORIS AZUCENA JIMENEZ IRAHETA;22.00;L2,202.77
BSU01;LIMPIEZA;UTENSILIOS LIMPIEZA ;DESINFECTANTES;PISCINAS CLARA S DE RL DE CV;8.00;L1,760.00
BSU01;LIMPIEZA;UTENSILIOS LIMPIEZA ;DESINFECTANTES;INVERSIONES INDUMAQ S DE RL;5.00;L1,150.00
BSU01;LIMPIEZA;UTENSILIOS LIMPIEZA ;DESINFECTANTES;AGENCIA LA MUNDIAL S.A DE C.V;1.00;L60.19
BSU01;LIMPIEZA;UTENSILIOS LIMPIEZA ;DESINFECTANTES;SIN ESPESIFICAR;1.00;L30.60
BSU01;LIMPIEZA;UTENSILIOS LIMPIEZA ;DISPENSADORES ;AGENCIA LA MUNDIAL S.A DE C.V;1.00;L67.67
BSU01;LIMPIEZA;UTENSILIOS LIMPIEZA ;DISPENSADORES ;SIN ESPESIFICAR;16.00;L16.00
BSU01;LIMPIEZA;UTENSILIOS LIMPIEZA ;HIGIENE;SIN ESPESIFICAR;579.00;L50,543.84
BSU01;LIMPIEZA;UTENSILIOS LIMPIEZA ;HIGIENE;CARLOS ALBERTO URBINA VELASQUEZ/PROYECTO;27.00;L10,494.09
BSU01;LIMPIEZA;UTENSILIOS LIMPIEZA ;HIGIENE;PISCINAS CLARA S DE RL DE CV;6.00;L5,560.00
BSU01;LIMPIEZA;UTENSILIOS LIMPIEZA ;HIGIENE;REPRESENTACIONES E INVERSIONES DEL ATLANTICO ;12.00;L2,000.00
BSU01;LIMPIEZA;UTENSILIOS LIMPIEZA ;HIGIENE;ARNEL JOSUE NEPTALI ALVARADO SANTOS;1.00;L26.09
BSU01;LIMPIEZA;UTENSILIOS LIMPIEZA ;HIGIENE;DROGUERIA Y TIENDA SAN MIGUEL S DE R.L;12.00;L0.00
BSU01;LIMPIEZA;UTENSILIOS LIMPIEZA ;JABON LIQUIDO;AGENCIA LA MUNDIAL S.A DE C.V;2.00;L385.41
BSU01;LIMPIEZA;UTENSILIOS LIMPIEZA ;LIMPIADOR MADERA;DESARROLLOS INDUSTRIALES MULTIPLES S DE RL DE CV;1.00;L1,052.73
BSU01;LIMPIEZA;UTENSILIOS LIMPIEZA ;LIMPIADOR MADERA;SIN ESPESIFICAR;12.00;L12.00
BSU01;LIMPIEZA;UTENSILIOS LIMPIEZA ;LIMPIADORES DE VIDRIO;ARNEL JOSUE NEPTALI ALVARADO SANTOS;21.00;L2,240.00
BSU01;LIMPIEZA;UTENSILIOS LIMPIEZA ;LIMPIADORES DE VIDRIO;REPRESENTACIONES E INVERSIONES DEL ATLANTICO ;2.00;L730.43
BSU01;LIMPIEZA;UTENSILIOS LIMPIEZA ;LIMPIADORES DE VIDRIO;AGENCIA LA MUNDIAL S.A DE C.V;7.00;L239.12
BSU01;LIMPIEZA;UTENSILIOS LIMPIEZA ;MECHAS TRAPEADOR;AGENCIA LA MUNDIAL S.A DE C.V;2.00;L325.32
BSU01;LIMPIEZA;UTENSILIOS LIMPIEZA ;PAPEL HIGIENICO;INVERSIONES DONCELLA S. DE R.L DE C.V;1.00;L360.00
BSU01;LIMPIEZA;UTENSILIOS LIMPIEZA ;PULIDORA PISOS Y ACCESORIOS;SIN ESPESIFICAR;237.00;L30,462.27
BSU01;LIMPIEZA;UTENSILIOS LIMPIEZA ;PULIDORA PISOS Y ACCESORIOS;REPRESENTACIONES E INVERSIONES DEL ATLANTICO ;17.00;L3,593.15
BSU01;LIMPIEZA;UTENSILIOS LIMPIEZA ;PULIDORA PISOS Y ACCESORIOS;DESARROLLOS INDUSTRIALES MULTIPLES S DE RL DE CV;9.00;L1,827.00
BSU01;LIMPIEZA;UTENSILIOS LIMPIEZA ;PULIDORA PISOS Y ACCESORIOS;PAPER DEPOT S.A DE C.V;3.00;L582.00
BSU01;LIMPIEZA;UTENSILIOS LIMPIEZA ;TRAMPAS ROEDORES ;TORNILLOS Y SERVICIOS MULTIPLES LACAST S.A DE C.V;9.00;L2,378.21
BSU01;LIMPIEZA;UTENSILIOS LIMPIEZA ;TRAMPAS ROEDORES ;PAPER DEPOT S.A DE C.V;6.00;L402.00
BSU01;LIMPIEZA;UTENSILIOS LIMPIEZA ;TRAMPAS ROEDORES ;DORIS AZUCENA JIMENEZ IRAHETA;1.00;L160.00
BSU01;LIMPIEZA;UTENSILIOS LIMPIEZA ;USO EXTERIORES LIMPIEZAS;SIN ESPESIFICAR;20.00;L8,183.02
BSU01;LIMPIEZA;UTENSILIOS LIMPIEZA ;USO EXTERIORES LIMPIEZAS;TECHNO OFFICE SUPPLIES S, DE R.L.;5.00;L850.00
BSU01;LIMPIEZA;UTENSILIOS LIMPIEZA ;USO EXTERIORES LIMPIEZAS;AGENCIA LA MUNDIAL S.A DE C.V;10.00;L799.58
BSU01;LIMPIEZA;UTENSILIOS LIMPIEZA ;USO EXTERIORES LIMPIEZAS;ARNEL JOSUE NEPTALI ALVARADO SANTOS;3.00;L252.00
BSU01;LIMPIEZA;UTENSILIOS LIMPIEZA ;USO EXTERIORES LIMPIEZAS;DORIS AZUCENA JIMENEZ IRAHETA;1.00;L25.00
BSU01;LIMPIEZA;UTENSILIOS LIMPIEZA ;VENENO FUMIGACIONES;ESENCIAS NATURALES S. DE R.L.;50.00;L22,833.04
BSU01;LIMPIEZA;UTENSILIOS LIMPIEZA ;VENENO FUMIGACIONES;TORNILLOS Y SERVICIOS MULTIPLES LACAST S.A DE C.V;1.00;L608.70
BSU01;LIMPIEZA;UTENSILIOS LIMPIEZA ;VENENO FUMIGACIONES;ARNEL JOSUE NEPTALI ALVARADO SANTOS;7.00;L478.34
BSU01;LIMPIEZA;UTENSILIOS LIMPIEZA ;RIBAL;DANILOS STORE SA;84.00;L2,590.72
BSU01;MECANICA;REPUESTOS Y ACCESORIOS;ACCESORIOS VEHICULOS;SUPER REPUESTOS HONDURAS, S.A. DE C.V.;24.00;L12,846.61
BSU01;MECANICA;REPUESTOS Y ACCESORIOS;ACCESORIOS VEHICULOS;INAUTO DE HONDURAS , S. A. DE C.V.;13.00;L8,704.20
BSU01;MECANICA;REPUESTOS Y ACCESORIOS;ACCESORIOS VEHICULOS;SIN ESPESIFICAR;38.00;L6,718.45
BSU01;MECANICA;REPUESTOS Y ACCESORIOS;ACCESORIOS VEHICULOS;LLANTICENTROS CEIBEÑOS S. DE R.L.;3.00;L2,535.60
BSU01;MECANICA;REPUESTOS Y ACCESORIOS;ACCESORIOS VEHICULOS;LUIS ENRIQUE MUNGUIA/PROYECTO;3.00;L451.62
BSU01;MECANICA;REPUESTOS Y ACCESORIOS;ACCESORIOS VEHICULOS;RAMIRO CARDENAS/PROYECTOS;7.00;L268.96
BSU01;MECANICA;REPUESTOS Y ACCESORIOS;ACCESORIOS VEHICULOS;EMILIO J. JAAR & CIA.;4.00;L26.00
BSU01;MECANICA;REPUESTOS Y ACCESORIOS;ACCESORIOS VEHICULOS;CASA DEL TORNILLO;2.00;L12.18
BSU01;MECANICA;REPUESTOS Y ACCESORIOS;ACEITES;CEMCOL COMERCIAL S.A DE C.V;84.00;L9,927.28
BSU01;MECANICA;REPUESTOS Y ACCESORIOS;ACEITES;LA META REPUESTOS AUTOMOTRICES S. DE R.L. DE C.V.;1.00;L4,050.00
BSU01;MECANICA;REPUESTOS Y ACCESORIOS;ACEITES;SIN ESPESIFICAR;32.00;L2,673.06
BSU01;MECANICA;REPUESTOS Y ACCESORIOS;ACEITES;PARTES AUTOMOTRICES GEO, S.A. DE C.V.;9.00;L1,373.99
BSU01;MECANICA;REPUESTOS Y ACCESORIOS;ACEITES;SUPER REPUESTOS HONDURAS, S.A. DE C.V.;12.00;L1,276.08
BSU01;MECANICA;REPUESTOS Y ACCESORIOS;ACEITES;REDMIL S. DE R.L.;3.00;L423.90
BSU01;MECANICA;REPUESTOS Y ACCESORIOS;ACEITES;FRANK AUTOPARTES S. DE R.L.;3.00;L417.39
BSU01;MECANICA;REPUESTOS Y ACCESORIOS;ACEITES;AGENCIA LA MUNDIAL S.A DE C.V;3.00;L233.76
BSU01;MECANICA;REPUESTOS Y ACCESORIOS;ACEITES;LUBRICANTES INTERNACIONALES DE HONDURAS S.A DE C.V;1.00;L91.13
BSU01;MECANICA;REPUESTOS Y ACCESORIOS;BANDAS MOTOR;AMAZON (USA);4.00;L5,108.94
BSU01;MECANICA;REPUESTOS Y ACCESORIOS;BANDAS MOTOR;CORPORACION FLORES S.A ;2.00;L1,356.38
BSU01;MECANICA;REPUESTOS Y ACCESORIOS;BANDAS MOTOR;SIN ESPESIFICAR;5.00;L1,272.59
BSU01;MECANICA;REPUESTOS Y ACCESORIOS;BANDAS MOTOR;INAUTO DE HONDURAS , S. A. DE C.V.;3.00;L1,159.03
BSU01;MECANICA;REPUESTOS Y ACCESORIOS;BANDAS MOTOR;DANILO GARCIA/PROYECTOS;1.00;L115.00
BSU01;MECANICA;REPUESTOS Y ACCESORIOS;CONOS REFLECTIVOS;SIN ESPESIFICAR;4.00;L290.85
BSU01;MECANICA;REPUESTOS Y ACCESORIOS;CONOS REFLECTIVOS;AGENCIA LA MUNDIAL S.A DE C.V;1.00;L95.51
BSU01;MECANICA;REPUESTOS Y ACCESORIOS;FILTROS;SYCOM S.A. DE C.V.;66.00;L24,421.78
BSU01;MECANICA;REPUESTOS Y ACCESORIOS;FILTROS;SERGIO RAMON SARMIENTO MURILLO;11.00;L12,860.86
BSU01;MECANICA;REPUESTOS Y ACCESORIOS;FILTROS;BOMBAS Y MOTORES DE HONDURAS S.A DE C.V.;12.00;L9,168.88
BSU01;MECANICA;REPUESTOS Y ACCESORIOS;FILTROS;LLANTICENTROS CEIBEÑOS S. DE R.L.;7.00;L7,834.90
BSU01;MECANICA;REPUESTOS Y ACCESORIOS;FILTROS;INAUTO DE HONDURAS , S. A. DE C.V.;55.00;L6,803.87
BSU01;MECANICA;REPUESTOS Y ACCESORIOS;FILTROS;SIN ESPESIFICAR;20.00;L5,988.03
BSU01;MECANICA;REPUESTOS Y ACCESORIOS;FILTROS;AUTO REPUESTOS BIGOTES S RL DE CV;3.00;L5,493.91
BSU01;MECANICA;REPUESTOS Y ACCESORIOS;FILTROS;SUPER REPUESTOS HONDURAS, S.A. DE C.V.;21.00;L3,607.88
BSU01;MECANICA;REPUESTOS Y ACCESORIOS;FILTROS;EMILIO J. JAAR & CIA.;2.00;L2,172.67
BSU01;MECANICA;REPUESTOS Y ACCESORIOS;FILTROS;REPUESTOS Y ACCESORIOS CARRASCO, S. DE R.L.;14.00;L2,110.00
BSU01;MECANICA;REPUESTOS Y ACCESORIOS;FILTROS;CORPORACION FLORES S.A ;1.00;L189.26
BSU01;MECANICA;REPUESTOS Y ACCESORIOS;REPUESTOS DE MOTOR;SUPER REPUESTOS HONDURAS, S.A. DE C.V.;92.00;L71,018.36
BSU01;MECANICA;REPUESTOS Y ACCESORIOS;REPUESTOS DE MOTOR;SIN ESPESIFICAR;71.00;L54,688.42
BSU01;MECANICA;REPUESTOS Y ACCESORIOS;REPUESTOS DE MOTOR;INAUTO DE HONDURAS , S. A. DE C.V.;48.00;L26,666.51
BSU01;MECANICA;REPUESTOS Y ACCESORIOS;REPUESTOS DE MOTOR;CORPORACION FLORES S.A ;5.00;L20,999.35
BSU01;MECANICA;REPUESTOS Y ACCESORIOS;REPUESTOS DE MOTOR;LLANTICENTROS CEIBEÑOS S. DE R.L.;18.00;L16,524.83
BSU01;MECANICA;REPUESTOS Y ACCESORIOS;REPUESTOS DE MOTOR;CARIBBEAN AUTO PARTS S DE RL DE CV;5.00;L6,550.00
BSU01;MECANICA;REPUESTOS Y ACCESORIOS;REPUESTOS DE MOTOR;TRANSIT INC;4.00;L5,243.65
BSU01;MECANICA;REPUESTOS Y ACCESORIOS;REPUESTOS DE MOTOR;DISTRIBUIDORA MILENIUM 2000 S.A.;4.00;L2,869.60
BSU01;MECANICA;REPUESTOS Y ACCESORIOS;REPUESTOS DE MOTOR;AUTO ELECTRICO PENIEL, S DE R.L DE C.V.;1.00;L427.72
BSU01;MECANICA;REPUESTOS Y ACCESORIOS;REPUESTOS DE MOTOR;DORIS AZUCENA JIMENEZ IRAHETA;3.00;L390.00
BSU01;MECANICA;REPUESTOS Y ACCESORIOS;REPUESTOS DE MOTOR;MASTER BRAKE Y MAS ;2.00;L191.83
BSU01;MECANICA;REPUESTOS Y ACCESORIOS;REPUESTOS DE MOTOR;ROBERTO PASTOR ORTIZ AVILA;2.00;L25.00
BSU01;MECANICA;REPUESTOS Y ACCESORIOS;REPUESTOS DE MOTOR;AUTOREPUESTOS S.A DE C.V;1.00;L21.74
BSU01;MECANICA;REPUESTOS Y ACCESORIOS;SHAMPOOS;DORIS AZUCENA JIMENEZ IRAHETA;3.00;L240.00
BSU01;MECANICA;REPUESTOS Y ACCESORIOS;SHAMPOOS;SIN ESPESIFICAR;1.00;L130.90
BSU01;MECANICA;REPUESTOS Y ACCESORIOS;TORNILLERIA VEHICULOS;INAUTO DE HONDURAS , S. A. DE C.V.;4.00;L3,049.72
BSU01;MECANICA;REPUESTOS Y ACCESORIOS;TORNILLERIA VEHICULOS;CASA DEL TORNILLO;10.00;L201.52
BSU01;SEGURIDAD;EQUIPO DE SEGURIDAD;ACCESORIOS P/ARMAS;SIN ESPESIFICAR;20.00;L2,193.13
BSU01;SEGURIDAD;IMPLEMENTOS DE SEGURIDAD;ACCESORIOS DE SEGURIDAD;SIN ESPESIFICAR;35.00;L2,619.40
BSU01;SEGURIDAD;IMPLEMENTOS DE SEGURIDAD;RADIOS;SIN ESPESIFICAR;298.00;L73,625.36
BSU01;SISTEMA ELECTRICO;ACCESORIOS ELECTRICOS;BOMBILLOS AHORRATIVOS;SIN ESPESIFICAR;175.00;L21,258.92
BSU01;SISTEMA ELECTRICO;ACCESORIOS ELECTRICOS;BOMBILLOS AHORRATIVOS;ELECTRO REPUESTOS S. DE R.L.;270.00;L8,674.18
BSU01;SISTEMA ELECTRICO;ACCESORIOS ELECTRICOS;BOMBILLOS AHORRATIVOS;ELECTRICIDAD Y CONEXIONES S DE RL DE CV;12.00;L3,455.87
BSU01;SISTEMA ELECTRICO;ACCESORIOS ELECTRICOS;BOMBILLOS AHORRATIVOS;CIA MERCANTIL LA CASA BLANCA SRL CV;18.00;L2,988.00
BSU01;SISTEMA ELECTRICO;ACCESORIOS ELECTRICOS;BOMBILLOS AHORRATIVOS;LED STORE S.A DE C.V;41.00;L1,915.35
BSU01;SISTEMA ELECTRICO;ACCESORIOS ELECTRICOS;BOMBILLOS AHORRATIVOS;CESAR DANILO GARCIA BARAHONA;3.00;L1,630.32
BSU01;SISTEMA ELECTRICO;ACCESORIOS ELECTRICOS;BOMBILLOS AHORRATIVOS;ALMACEN UNIVERSAL S DE RL DE CV;29.00;L881.31
BSU01;SISTEMA ELECTRICO;ACCESORIOS ELECTRICOS;BOMBILLOS AHORRATIVOS;AGENCIA LA MUNDIAL S.A DE C.V;3.00;L112.17
BSU01;SISTEMA ELECTRICO;ACCESORIOS ELECTRICOS;CAJAS  ELECTRICAS;JOCSAN RUEDA/PROYECTO;24.00;L805.12
BSU01;SISTEMA ELECTRICO;ACCESORIOS ELECTRICOS;CERCA ELECTRICA ;ELECTRO CONTROLES S. DE R.L DE C.V;60.00;L10,800.00
BSU01;SISTEMA ELECTRICO;ACCESORIOS ELECTRICOS;CONECTORES ELECTRICO;SIN ESPESIFICAR;1,100.00;L14,293.44
BSU01;SISTEMA ELECTRICO;ACCESORIOS ELECTRICOS;CONECTORES ELECTRICO;DISTRIBUIDORA INDUSTRIAL S.A. DE C.V.;141.00;L8,184.40
BSU01;SISTEMA ELECTRICO;ACCESORIOS ELECTRICOS;CONECTORES ELECTRICO;ELECTRO CONTROLES S. DE R.L DE C.V;116.00;L3,983.16
BSU01;SISTEMA ELECTRICO;ACCESORIOS ELECTRICOS;CONECTORES ELECTRICO;CIA MERCANTIL LA CASA BLANCA SRL CV;261.00;L3,792.69
BSU01;SISTEMA ELECTRICO;ACCESORIOS ELECTRICOS;CONECTORES ELECTRICO;ALMACEN EL PAJARO AZUL S.A DE C.V;96.00;L1,440.00
BSU01;SISTEMA ELECTRICO;ACCESORIOS ELECTRICOS;CONECTORES ELECTRICO;EQUIPOS INDUSTRIALES S.A. DE C.V;17.00;L1,325.02
BSU01;SISTEMA ELECTRICO;ACCESORIOS ELECTRICOS;CONECTORES ELECTRICO;SUMINISTROS ELECTRICOS S. DE R.L. DE C.V;32.00;L1,029.91
BSU01;SISTEMA ELECTRICO;ACCESORIOS ELECTRICOS;CONECTORES ELECTRICO;TORNILLOS Y SERVICIOS MULTIPLES LACAST S.A DE C.V;661.00;L991.50
BSU01;SISTEMA ELECTRICO;ACCESORIOS ELECTRICOS;CONECTORES ELECTRICO;LARACH & CIA. S. DE R.L.;9.00;L408.52
BSU01;SISTEMA ELECTRICO;ACCESORIOS ELECTRICOS;CONECTORES ELECTRICO;FELIPE ANTONIO GONZALEZ MADRID;10.00;L356.61
BSU01;SISTEMA ELECTRICO;ACCESORIOS ELECTRICOS;CONECTORES ELECTRICO;AGENCIA LA MUNDIAL S.A DE C.V;8.00;L143.94
BSU01;SISTEMA ELECTRICO;ACCESORIOS ELECTRICOS;CONECTORES ELECTRICO;JOCSAN RUEDA/PROYECTO;1.00;L47.52
BSU01;SISTEMA ELECTRICO;ACCESORIOS ELECTRICOS;CONECTORES ELECTRICO;IBRAHAM DANILO MUNGUIA SARMIENTO;2.00;L33.53
BSU01;SISTEMA ELECTRICO;ACCESORIOS ELECTRICOS;PRODUCTOS GABINTES;DISTRIBUIDORA INDUSTRIAL S.A. DE C.V.;4.00;L36.28
BSU01;SISTEMA ELECTRICO;ACCESORIOS ELECTRICOS;TUBOS;CIA MERCANTIL LA CASA BLANCA SRL CV;20.00;L3,916.00
BSU01;SISTEMA ELECTRICO;ACCESORIOS ELECTRICOS;TUBOS;DISTRIBUIDORA INDUSTRIAL S.A. DE C.V.;41.00;L2,060.44
BSU01;SISTEMA ELECTRICO;ACCESORIOS ELECTRICOS;TUBOS;ELECTRO CONTROLES S. DE R.L DE C.V;1.00;L2,007.31
BSU01;SISTEMA ELECTRICO;ACCESORIOS ELECTRICOS;TUBOS;ELECTRO REPUESTOS S. DE R.L.;17.00;L1,548.14
BSU01;SISTEMA ELECTRICO;ACCESORIOS ELECTRICOS;TUBOS;JOSE LUIS TEJEDA SOTO;1.00;L178.26
BSU01;SISTEMA ELECTRICO;ACCESORIOS ELECTRICOS;TUBOS;SIN ESPESIFICAR;2.00;L48.38
BSU01;SISTEMA ELECTRICO;ACCESORIOS ELECTRICOS;(en blanco);FRIOPARTES S A DE C.V.;2.00;L4,434.78
BSU01;SISTEMA ELECTRICO;BATERIAS Y REGULADORES;BATERIAS;COMERCIAL MARCELA ERICK Y GABRIELA S DE R.L. DE CV;1.00;L2,512.17
BSU01;SISTEMA ELECTRICO;BATERIAS Y REGULADORES;BATERIAS;ALMACEN EL PAJARO AZUL S.A DE C.V;6.00;L1,957.00
BSU01;SISTEMA ELECTRICO;BATERIAS Y REGULADORES;BATERIAS;FERRETERIA ZUMMAR S.A DE C.V.;45.00;L1,081.28
BSU01;SISTEMA ELECTRICO;BATERIAS Y REGULADORES;REGULADORES DE VOLTAJE;SIN ESPESIFICAR;1.00;L9,000.00
BSU01;SISTEMA ELECTRICO;BATERIAS Y REGULADORES;REGULADORES DE VOLTAJE;DISTRIBUIDORA INDUSTRIAL S.A. DE C.V.;3.00;L2,778.81
BSU01;SISTEMA ELECTRICO;ILUMINACIONES ELECTRICAS;ACCESORIOS;SIN ESPESIFICAR;5,054.00;L19,368.09
BSU01;SISTEMA ELECTRICO;ILUMINACIONES ELECTRICAS;ACCESORIOS;AGENCIA LA MUNDIAL S.A DE C.V;14.00;L2,040.93
BSU01;SISTEMA ELECTRICO;ILUMINACIONES ELECTRICAS;ACCESORIOS;INVERSIONES GLOIMPORT S DE RL;2.00;L859.54
BSU01;SISTEMA ELECTRICO;ILUMINACIONES ELECTRICAS;ACCESORIOS;RICARDO JESUS BENDECK TURCIOS;1.00;L115.41
BSU01;SISTEMA ELECTRICO;ILUMINACIONES ELECTRICAS;ACCESORIOS;CIA MERCANTIL LA CASA BLANCA SRL CV;1.00;L112.00
BSU01;SISTEMA ELECTRICO;ILUMINACIONES ELECTRICAS;BOMBILLOS AHORRATIVOS;SIN ESPESIFICAR;50.00;L10,484.17
BSU01;SISTEMA ELECTRICO;ILUMINACIONES ELECTRICAS;BOMBILLOS AHORRATIVOS;ELECTRO CONTROLES S. DE R.L DE C.V;21.00;L7,225.07
BSU01;SISTEMA ELECTRICO;ILUMINACIONES ELECTRICAS;BOMBILLOS AHORRATIVOS;DISTRIBUIDORA INDUSTRIAL S.A. DE C.V.;19.00;L2,549.61
BSU01;SISTEMA ELECTRICO;ILUMINACIONES ELECTRICAS;BOMBILLOS AHORRATIVOS;CARLOS ALBERTO URBINA VELASQUEZ/PROYECTO;21.00;L1,877.90
BSU01;SISTEMA ELECTRICO;ILUMINACIONES ELECTRICAS;BOMBILLOS AHORRATIVOS;LED STORE S.A DE C.V;6.00;L260.93
BSU01;SISTEMA ELECTRICO;ILUMINACIONES ELECTRICAS;LUZ PILOTO;DISTRIBUIDORA INDUSTRIAL S.A. DE C.V.;11.00;L2,370.50
BSU01;SISTEMA ELECTRICO;ILUMINACIONES ELECTRICAS;LUZ PILOTO;SIN ESPESIFICAR;37.00;L37.00
BSU01;SISTEMA ELECTRICO;ILUMINACIONES ELECTRICAS;TUBOS/CANDELAS ILUMINACION ;SIN ESPESIFICAR;6,302.02;L188,765.18
BSU01;SISTEMA ELECTRICO;ILUMINACIONES ELECTRICAS;TUBOS/CANDELAS ILUMINACION ;ELECTRICIDAD Y CONEXIONES S DE RL DE CV;16.00;L9,608.25
BSU01;SISTEMA ELECTRICO;ILUMINACIONES ELECTRICAS;TUBOS/CANDELAS ILUMINACION ;INVERSIONES GLOIMPORT S DE RL;12.00;L7,020.00
BSU01;SISTEMA ELECTRICO;ILUMINACIONES ELECTRICAS;TUBOS/CANDELAS ILUMINACION ;DISTRIBUIDORA INDUSTRIAL S.A. DE C.V.;4.00;L6,697.10
BSU01;SISTEMA ELECTRICO;ILUMINACIONES ELECTRICAS;TUBOS/CANDELAS ILUMINACION ;AGENCIA LA MUNDIAL S.A DE C.V;4.00;L5,143.76
BSU01;SISTEMA ELECTRICO;ILUMINACIONES ELECTRICAS;TUBOS/CANDELAS ILUMINACION ;REDMIL S. DE R.L.;12.00;L1,620.00
BSU01;SISTEMA ELECTRICO;ILUMINACIONES ELECTRICAS;TUBOS/CANDELAS ILUMINACION ;ELECTRO CONTROLES S. DE R.L DE C.V;1.00;L1,500.00
BSU01;SISTEMA ELECTRICO;ILUMINACIONES ELECTRICAS;TUBOS/CANDELAS ILUMINACION ;JOSE LUIS TEJEDA SOTO;12.00;L1,434.60
BSU01;SISTEMA ELECTRICO;ILUMINACIONES ELECTRICAS;TUBOS/CANDELAS ILUMINACION ;CARLOS ALBERTO URBINA VELASQUEZ/PROYECTO;1.00;L1,208.00
BSU01;SISTEMA ELECTRICO;ILUMINACIONES ELECTRICAS;TUBOS/CANDELAS ILUMINACION ;PROVEEDORA ELECTRICA, S.A. DE C.V.;6.00;L607.92
BSU01;SISTEMA ELECTRICO;ILUMINACIONES ELECTRICAS;TUBOS/CANDELAS ILUMINACION ;CIA MERCANTIL LA CASA BLANCA SRL CV;2.00;L540.00
BSU01;SISTEMA ELECTRICO;ILUMINACIONES ELECTRICAS;TUBOS/CANDELAS ILUMINACION ;LED STORE S.A DE C.V;6.00;L365.22
BSU01;SISTEMA ELECTRICO;ILUMINACIONES ELECTRICAS;TUBOS/CANDELAS ILUMINACION ;ALMACEN UNIVERSAL S DE RL DE CV;4.00;L321.72
BSU01;SISTEMA ELECTRICO;ILUMINACIONES ELECTRICAS;TUBOS/CANDELAS ILUMINACION ;ELECTRO REPUESTOS S. DE R.L.;2.00;L247.56
BSU01;SISTEMA ELECTRICO;ILUMINACIONES ELECTRICAS;TUBOS/CANDELAS ILUMINACION ;SEL STORE S.A. DE C.V.;1.00;L162.00
BSU01;SISTEMA ELECTRICO;INTERRUPTORES Y TOMACORRIENTES;INTERRUPTORES;DISTRIBUIDORA INDUSTRIAL S.A. DE C.V.;34.00;L12,690.42
BSU01;SISTEMA ELECTRICO;INTERRUPTORES Y TOMACORRIENTES;INTERRUPTORES;SIN ESPESIFICAR;3.00;L2,729.18
BSU01;SISTEMA ELECTRICO;INTERRUPTORES Y TOMACORRIENTES;INTERRUPTORES;ELECTRO CONTROLES S. DE R.L DE C.V;9.00;L2,632.60
BSU01;SISTEMA ELECTRICO;INTERRUPTORES Y TOMACORRIENTES;INTERRUPTORES;CIA MERCANTIL LA CASA BLANCA SRL CV;25.00;L1,202.44
BSU01;SISTEMA ELECTRICO;INTERRUPTORES Y TOMACORRIENTES;INTERRUPTORES;AGENCIA LA MUNDIAL S.A DE C.V;21.00;L799.67
BSU01;SISTEMA ELECTRICO;INTERRUPTORES Y TOMACORRIENTES;INTERRUPTORES;ALEJANDRO NAPOLEON LARACH LARACH;1.00;L119.76
BSU01;SISTEMA ELECTRICO;INTERRUPTORES Y TOMACORRIENTES;TOMACORRIENTES;ELECTRO CONTROLES S. DE R.L DE C.V;18.00;L3,266.01
BSU01;SISTEMA ELECTRICO;INTERRUPTORES Y TOMACORRIENTES;TOMACORRIENTES;DISTRIBUIDORA INDUSTRIAL S.A. DE C.V.;34.00;L3,209.26
BSU01;SISTEMA ELECTRICO;INTERRUPTORES Y TOMACORRIENTES;TOMACORRIENTES;CIA MERCANTIL LA CASA BLANCA SRL CV;10.00;L747.11
BSU01;SISTEMA ELECTRICO;INTERRUPTORES Y TOMACORRIENTES;TOMACORRIENTES;ALMACEN UNIVERSAL S DE RL DE CV;18.00;L538.47
BSU01;SISTEMA ELECTRICO;INTERRUPTORES Y TOMACORRIENTES;TOMACORRIENTES;JOSE LUIS TEJEDA SOTO;5.00;L299.31
BSU01;SISTEMA ELECTRICO;INTERRUPTORES Y TOMACORRIENTES;TOMACORRIENTES;CARLOS ALBERTO URBINA VELASQUEZ/PROYECTO;4.00;L255.36
BSU01;SISTEMA ELECTRICO;INTERRUPTORES Y TOMACORRIENTES;TOMACORRIENTES;SIN ESPESIFICAR;1.00;L17.00
BSU01;SISTEMA ELECTRICO;TRANSFERENCIAS Y CABLES;BALASTROS;SIN ESPESIFICAR;29.00;L8,082.18
BSU01;SISTEMA ELECTRICO;TRANSFERENCIAS Y CABLES;BALASTROS;PAPER DEPOT S.A DE C.V;2.00;L188.00
BSU01;SISTEMA ELECTRICO;TRANSFERENCIAS Y CABLES;BASE;DISTRIBUIDORA INDUSTRIAL S.A. DE C.V.;40.00;L8,383.03
BSU01;SISTEMA ELECTRICO;TRANSFERENCIAS Y CABLES;BASE;PROVEEDORA ELECTRICA, S.A. DE C.V.;2.00;L2,675.70
BSU01;SISTEMA ELECTRICO;TRANSFERENCIAS Y CABLES;BASE;CIA MERCANTIL LA CASA BLANCA SRL CV;4.00;L2,214.00
BSU01;SISTEMA ELECTRICO;TRANSFERENCIAS Y CABLES;BASE;SIN ESPESIFICAR;1.00;L2,180.00
BSU01;SISTEMA ELECTRICO;TRANSFERENCIAS Y CABLES;BREAKER DIFERENCIAL;ELECTRO CONTROLES S. DE R.L DE C.V;47.00;L6,766.00
BSU01;SISTEMA ELECTRICO;TRANSFERENCIAS Y CABLES;BREAKER DIFERENCIAL;RAMIRO CARDENAS/PROYECTOS;206.00;L5,190.23
BSU01;SISTEMA ELECTRICO;TRANSFERENCIAS Y CABLES;BREAKER DIFERENCIAL;AGENCIA LA MUNDIAL S.A DE C.V;38.00;L2,354.35
BSU01;SISTEMA ELECTRICO;TRANSFERENCIAS Y CABLES;BREAKER DIFERENCIAL;CIA MERCANTIL LA CASA BLANCA SRL CV;207.00;L2,259.31
BSU01;SISTEMA ELECTRICO;TRANSFERENCIAS Y CABLES;BREAKER DIFERENCIAL;OFFICE COMPUTERS S. DE R.L.;24.00;L1,467.08
BSU01;SISTEMA ELECTRICO;TRANSFERENCIAS Y CABLES;BREAKER DIFERENCIAL;BOMBAS Y MOTORES DE HONDURAS S.A DE C.V.;1.00;L891.13
BSU01;SISTEMA ELECTRICO;TRANSFERENCIAS Y CABLES;BREAKER DIFERENCIAL;NAHUM ALBERTO MENDEZ AGUILERA / PROYECTO;4.00;L861.09
BSU01;SISTEMA ELECTRICO;TRANSFERENCIAS Y CABLES;BREAKER DIFERENCIAL;FERRETERIA FARAJ. S.A. DE. C.V.;2.00;L322.04
BSU01;SISTEMA ELECTRICO;TRANSFERENCIAS Y CABLES;BREAKER DIFERENCIAL;ALEJANDRO NAPOLEON LARACH LARACH;1.00;L156.67
BSU01;SISTEMA ELECTRICO;TRANSFERENCIAS Y CABLES;BREAKER DIFERENCIAL;EQUIPOS INDUSTRIALES S.A. DE C.V;1.00;L134.83
BSU01;SISTEMA ELECTRICO;TRANSFERENCIAS Y CABLES;BREAKER DIFERENCIAL;SIN ESPESIFICAR;1.00;L18.00
BSU01;SISTEMA ELECTRICO;TRANSFERENCIAS Y CABLES;CABLES;ECO GREEN ENERGY LIMITED;22.00;L29,371.10
BSU01;SISTEMA ELECTRICO;TRANSFERENCIAS Y CABLES;CABLES;ELECTRO CONTROLES S. DE R.L DE C.V;550.00;L24,517.62
BSU01;SISTEMA ELECTRICO;TRANSFERENCIAS Y CABLES;CABLES;CIA MERCANTIL LA CASA BLANCA SRL CV;2,610.00;L15,588.53
BSU01;SISTEMA ELECTRICO;TRANSFERENCIAS Y CABLES;CABLES;DISTRIBUIDORA INDUSTRIAL S.A. DE C.V.;95.50;L11,919.76
BSU01;SISTEMA ELECTRICO;TRANSFERENCIAS Y CABLES;CABLES;PROVEEDORA ELECTRICA, S.A. DE C.V.;122.00;L8,948.54
BSU01;SISTEMA ELECTRICO;TRANSFERENCIAS Y CABLES;CABLES;DAVID ENRIQUE TURCIOS ARDON;4.00;L5,827.10
BSU01;SISTEMA ELECTRICO;TRANSFERENCIAS Y CABLES;CABLES;GYS DISTRIBUIDORA S.A. DE C.V.;14.00;L5,572.70
BSU01;SISTEMA ELECTRICO;TRANSFERENCIAS Y CABLES;CABLES;CENTRO FERRETERO TORNIFESA S. DE R.L DE C.V.;902.00;L5,045.87
BSU01;SISTEMA ELECTRICO;TRANSFERENCIAS Y CABLES;CABLES;RAMIRO CARDENAS/PROYECTOS;45.00;L1,123.52
BSU01;SISTEMA ELECTRICO;TRANSFERENCIAS Y CABLES;CABLES;FELIPE ANTONIO GONZALEZ MADRID;12.00;L1,047.77
BSU01;SISTEMA ELECTRICO;TRANSFERENCIAS Y CABLES;CABLES;TECHNO OFFICE SUPPLIES S, DE R.L.;17.00;L428.40
BSU01;SISTEMA ELECTRICO;TRANSFERENCIAS Y CABLES;CABLES;AGENCIA LA MUNDIAL S.A DE C.V;3.00;L137.64
BSU01;SISTEMA ELECTRICO;TRANSFERENCIAS Y CABLES;CAJAS;DISTRIBUIDORA INDUSTRIAL S.A. DE C.V.;6.00;L13,404.31
BSU01;SISTEMA ELECTRICO;TRANSFERENCIAS Y CABLES;CAJAS;SIN ESPESIFICAR;40.00;L3,476.83
BSU01;SISTEMA ELECTRICO;TRANSFERENCIAS Y CABLES;CAJAS;ALEJANDRO NAPOLEON LARACH LARACH;2.00;L3,015.56
BSU01;SISTEMA ELECTRICO;TRANSFERENCIAS Y CABLES;CAJAS;CIA MERCANTIL LA CASA BLANCA SRL CV;184.50;L2,968.60
BSU01;SISTEMA ELECTRICO;TRANSFERENCIAS Y CABLES;CONTROLADOR;SIN ESPESIFICAR;2.00;L25,943.70
BSU01;SISTEMA ELECTRICO;TRANSFERENCIAS Y CABLES;CONTROLADOR;DISTRIBUIDORA INDUSTRIAL S.A. DE C.V.;1.00;L1,309.57
BSU01;SISTEMA ELECTRICO;TRANSFERENCIAS Y CABLES;CONTROLADOR;CIA MERCANTIL LA CASA BLANCA SRL CV;3.00;L1,230.00
BSU01;SISTEMA ELECTRICO;TRANSFERENCIAS Y CABLES;MEDIDOR;DISTRIBUIDORA INDUSTRIAL S.A. DE C.V.;47.00;L2,396.32
BSU01;SISTEMA ELECTRICO;TRANSFERENCIAS Y CABLES;MUFA;CIA MERCANTIL LA CASA BLANCA SRL CV;2.00;L96.00
BSU01;SISTEMA ELECTRICO;TRANSFERENCIAS Y CABLES;MUFA;CENTRO FERRETERO TORNIFESA S. DE R.L DE C.V.;1.00;L69.15
BSU01;SISTEMA ELECTRICO;TRANSFERENCIAS Y CABLES;PANEL;SIN ESPESIFICAR;38.00;L47,257.31
BSU01;SISTEMA ELECTRICO;TRANSFERENCIAS Y CABLES;PANEL;BOMBAS Y MOTORES DE HONDURAS S.A DE C.V.;3.00;L15,732.77
BSU01;SISTEMA ELECTRICO;TRANSFERENCIAS Y CABLES;PANEL;TUBELITE CENTROAMERICA S.A.;5.00;L2,955.50
BSU01;SISTEMA ELECTRICO;TRANSFERENCIAS Y CABLES;PANEL;CIA MERCANTIL LA CASA BLANCA SRL CV;14.00;L924.00
BSU01;SISTEMA ELECTRICO;TRANSFERENCIAS Y CABLES;PROBADOR DE CORRIENTE;DISTRIBUIDORA INDUSTRIAL S.A. DE C.V.;2.00;L7,338.46
BSU01;SISTEMA ELECTRICO;TRANSFERENCIAS Y CABLES;SELECTOR ;CIA MERCANTIL LA CASA BLANCA SRL CV;21.00;L3,360.00
BSU01;SISTEMA ELECTRICO;TRANSFERENCIAS Y CABLES;TRANSFERENCIAS;SIN ESPESIFICAR;1.00;L1,500.00
BSU01;SISTEMA ELECTRICO;TRANSFERENCIAS Y CABLES;GABINETE ;CIA MERCANTIL LA CASA BLANCA SRL CV;1.00;L922.00
BSU01;SISTEMA ELECTRICO;TUBERÍA CONDUIT;DUCTERIA;CIA MERCANTIL LA CASA BLANCA SRL CV;177.00;L17,168.62
BSU01;SISTEMA ELECTRICO;TUBERÍA CONDUIT;DUCTERIA;ELECTRO CONTROLES S. DE R.L DE C.V;36.00;L2,653.00
BSU01;SISTEMA ELECTRICO;TUBERÍA CONDUIT;DUCTERIA;FLORES Y FLORES INGENIERIA S. DE R.L.;1.00;L1,764.75
BSU01;SISTEMA ELECTRICO;TUBERÍA CONDUIT;DUCTERIA;DISTRIBUIDORA INDUSTRIAL S.A. DE C.V.;82.00;L606.54
BSU01;SISTEMA ELECTRICO;TUBERÍA CONDUIT;DUCTERIA;SIN ESPESIFICAR;4.00;L4.00
BSU01;UNIFORMES;ADMINISTRACION;BLUSA P/DAMA;OSCAR ARNALDO VELASQUEZ GONZALES;1.00;L250.00
BSU01;UNIFORMES;ADMINISTRACION;CAMISA P/HOMBRE;OSCAR ARNALDO VELASQUEZ GONZALES;12.00;L3,778.35
BSU01;UNIFORMES;OPERATIVOS;CAMISA TEMPORAL;CONFECCIONES LETY;25.00;L1,350.00
BSU01;UNIFORMES;OPERATIVOS;CAMISETA ENTRENAMIENTO;CONFECCIONES LETY;724.00;L37,619.48
BSU01;UNIFORMES;OPERATIVOS;CAMISETA POLO;OSCAR ARNALDO VELASQUEZ GONZALES;30.00;L4,328.33
BSU01;UNIFORMES;OPERATIVOS;CAMISETA POLO;SIN ESPESIFICAR;22.00;L1,287.98
BSU01;UNIFORMES;OPERATIVOS;CAMISETA PROMOCION;SIN ESPESIFICAR;819.00;L46,452.61
BSU01;UNIFORMES;SEGURIDAD;CAMISA P/SEGURIDAD M/L;OSCAR ARNALDO VELASQUEZ GONZALES;54.00;L17,838.33
BSU01;UNIFORMES;SEGURIDAD;CAMISA P/SEGURIDAD M/L;SIN ESPESIFICAR;107.00;L9,784.85
BSU01;UNIFORMES;SEGURIDAD;CAMISETA P/SEGURIDAD POLO;OSCAR ARNALDO VELASQUEZ GONZALES;46.00;L6,670.00
BSU01;UNIFORMES;SUMINISTROS DE COSTURA;COSTURA;SIN ESPESIFICAR;1.00;L5.00
